XCG,ALPHA,MACH,DELTA,Q,CN,CM,CA,CY,CLN,CLL,CL,CD,CLCD,XCP,CNA,CMA,CYB,CLNB,CLLB,CNQ,CMQ,CAQ,CNAD,CMAD,CYR,CLNR,CLLR,CYP,CLNP,CLLP
5.000,4.000,0.010,-20.000,nan,8.604,5.088,2.633,0.000,0.000,0.000,8.400,3.226,2.603,0.591,54.246,313.807,-51.496,-229.976,1.970,-548.184,-3077.485,-10.902,227.569,505.855,-295.617,-4322.910,-71.741,4.135,-11.006,-89.977
5.000,4.000,0.010,-19.000,nan,8.522,5.306,2.523,0.000,0.000,0.000,8.326,3.111,2.676,0.623,54.423,313.336,-51.496,-229.976,1.889,-544.786,-3086.530,-9.361,227.569,505.855,-295.617,-4322.910,-74.500,4.135,-11.006,-102.416
5.000,4.000,0.010,-18.000,nan,8.421,5.577,2.411,0.000,0.000,0.000,8.232,2.993,2.751,0.662,54.858,312.176,-51.496,-229.976,1.700,-540.120,-3098.951,-7.600,227.569,505.855,-295.617,-4322.910,-78.337,4.135,-11.006,-109.578
5.000,4.000,0.010,-17.000,nan,8.293,5.916,2.297,0.000,0.000,0.000,8.113,2.870,2.826,0.713,55.328,310.923,-51.496,-229.976,1.555,-533.790,-3115.798,-5.576,227.569,505.855,-295.617,-4322.910,-82.301,4.135,-11.006,-113.540
5.000,4.000,0.010,-16.000,nan,8.143,6.315,2.183,0.000,0.000,0.000,7.971,2.746,2.903,0.775,55.701,309.929,-51.496,-229.976,1.489,-525.935,-3136.707,-3.396,227.569,505.855,-295.617,-4322.910,-84.963,4.135,-11.006,-116.167
5.000,4.000,0.010,-15.000,nan,7.975,6.763,2.070,0.000,0.000,0.000,7.811,2.622,2.980,0.848,56.016,309.089,-51.496,-229.976,1.468,-516.689,-3161.318,-1.157,227.569,505.855,-295.617,-4322.910,-85.959,4.135,-11.006,-117.596
5.000,4.000,0.010,-14.000,nan,7.789,7.259,1.960,0.000,0.000,0.000,7.633,2.498,3.056,0.932,56.333,308.242,-51.496,-229.976,1.476,-506.027,-3189.695,1.088,227.569,505.855,-295.617,-4322.910,-85.621,4.135,-11.006,-115.603
5.000,4.000,0.010,-13.000,nan,7.584,7.803,1.852,0.000,0.000,0.000,7.436,2.376,3.130,1.029,56.646,307.406,-51.496,-229.976,1.520,-493.811,-3222.210,3.303,227.569,505.855,-295.617,-4322.910,-84.090,4.135,-11.006,-110.133
5.000,4.000,0.010,-12.000,nan,7.363,8.392,1.747,0.000,0.000,0.000,7.223,2.257,3.201,1.140,56.924,306.663,-51.496,-229.976,1.610,-479.660,-3259.877,5.489,227.569,505.855,-295.617,-4322.910,-80.997,4.135,-11.006,-101.097
5.000,4.000,0.010,-11.000,nan,7.126,9.021,1.648,0.000,0.000,0.000,6.994,2.141,3.267,1.266,57.165,306.016,-51.496,-229.976,1.739,-463.155,-3303.810,7.631,227.569,505.855,-295.617,-4322.910,-76.069,4.135,-11.006,-87.550
5.000,4.000,0.010,-10.000,nan,6.876,9.689,1.553,0.000,0.000,0.000,6.751,2.029,3.327,1.409,57.410,305.363,-51.496,-229.976,2.008,-443.810,-3355.301,9.699,227.569,505.855,-295.617,-4322.910,-69.618,4.135,-11.006,-70.774
5.000,4.000,0.010,-9.000,nan,6.610,10.395,1.465,0.000,0.000,0.000,6.492,1.922,3.377,1.573,57.669,304.669,-51.496,-229.976,2.182,-421.125,-3415.683,11.637,227.569,505.855,-295.617,-4322.910,-61.901,4.135,-11.006,-48.428
5.000,4.000,0.010,-8.000,nan,6.330,11.141,1.383,0.000,0.000,0.000,6.218,1.821,3.415,1.760,57.906,304.033,-51.496,-229.976,2.497,-395.708,-3483.336,13.234,227.569,505.855,-295.617,-4322.910,-51.271,4.135,-11.006,-25.206
5.000,4.000,0.010,-7.000,nan,6.038,11.920,1.307,0.000,0.000,0.000,5.932,1.725,3.438,1.974,58.091,303.536,-51.496,-229.976,3.106,-369.322,-3553.568,14.199,227.569,505.855,-295.617,-4322.910,-38.926,4.135,-11.006,-2.030
5.000,4.000,0.010,-6.000,nan,5.736,12.723,1.240,0.000,0.000,0.000,5.635,1.637,3.442,2.218,58.222,303.184,-51.496,-229.976,3.281,-343.806,-3621.484,14.337,227.569,505.855,-295.617,-4322.910,-25.100,4.135,-11.006,18.707
5.000,4.000,0.010,-5.000,nan,5.427,13.545,1.181,0.000,0.000,0.000,5.331,1.557,3.425,2.496,58.295,302.985,-51.496,-229.976,3.961,-321.021,-3682.132,13.557,227.569,505.855,-295.617,-4322.910,-12.372,4.135,-11.006,36.955
5.000,4.000,0.010,-4.000,nan,5.114,14.377,1.131,0.000,0.000,0.000,5.023,1.485,3.384,2.811,58.318,302.920,-51.496,-229.976,4.066,-302.426,-3731.626,11.894,227.569,505.855,-295.617,-4322.910,-3.717,4.135,-11.006,52.774
5.000,4.000,0.010,-3.000,nan,4.799,15.216,1.089,0.000,0.000,0.000,4.712,1.421,3.315,3.171,58.337,302.864,-51.496,-229.976,4.218,-287.532,-3771.269,9.550,227.569,505.855,-295.617,-4322.910,-0.636,4.135,-11.006,66.433
5.000,4.000,0.010,-2.000,nan,4.481,16.063,1.056,0.000,0.000,0.000,4.396,1.366,3.218,3.585,58.361,302.797,-51.496,-229.976,4.121,-275.250,-3803.959,6.712,227.569,505.855,-295.617,-4322.910,-0.292,4.135,-11.006,75.665
5.000,4.000,0.010,-1.000,nan,4.160,16.916,1.033,0.000,0.000,0.000,4.078,1.320,3.089,4.066,58.378,302.746,-51.496,-229.976,4.109,-264.497,-3832.582,3.508,227.569,505.855,-295.617,-4322.910,-1.751,4.135,-11.006,80.727
5.000,4.000,0.010,0.000,nan,3.838,17.774,1.018,0.000,0.000,0.000,3.758,1.283,2.928,4.631,58.384,302.724,-51.496,-229.976,4.064,-254.223,-3859.930,0.000,227.569,505.855,-295.617,-4322.910,-2.192,4.135,-11.006,81.567
5.000,4.000,0.010,1.000,nan,3.514,18.636,1.013,0.000,0.000,0.000,3.435,1.256,2.736,5.303,58.380,302.732,-51.496,-229.976,4.075,-244.107,-3886.855,-3.798,227.569,505.855,-295.617,-4322.910,-1.689,4.135,-11.006,80.416
5.000,4.000,0.010,2.000,nan,3.190,19.498,1.017,0.000,0.000,0.000,3.112,1.237,2.516,6.112,58.364,302.769,-51.496,-229.976,4.178,-234.785,-3911.667,-7.863,227.569,505.855,-295.617,-4322.910,-1.443,4.135,-11.006,79.766
5.000,4.000,0.010,3.000,nan,2.867,20.360,1.030,0.000,0.000,0.000,2.788,1.227,2.272,7.103,58.338,302.835,-51.496,-229.976,4.102,-226.741,-3933.079,-12.143,227.569,505.855,-295.617,-4322.910,-1.528,4.135,-11.006,80.405
5.000,4.000,0.010,4.000,nan,2.544,21.219,1.052,0.000,0.000,0.000,2.464,1.227,2.009,8.341,58.300,302.929,-51.496,-229.976,4.072,-219.856,-3951.406,-16.594,227.569,505.855,-295.617,-4322.910,-2.106,4.135,-11.006,81.333
5.000,4.000,0.010,5.000,nan,2.223,22.073,1.083,0.000,0.000,0.000,2.142,1.236,1.734,9.930,58.252,303.052,-51.496,-229.976,4.034,-213.932,-3967.173,-21.183,227.569,505.855,-295.617,-4322.910,-2.229,4.135,-11.006,80.374
5.000,4.000,0.010,6.000,nan,1.904,22.921,1.123,0.000,0.000,0.000,1.821,1.253,1.453,12.035,58.194,303.203,-51.496,-229.976,4.114,-208.935,-3980.473,-25.876,227.569,505.855,-295.617,-4322.910,-0.941,4.135,-11.006,74.656
5.000,4.000,0.010,7.000,nan,1.589,23.760,1.172,0.000,0.000,0.000,1.503,1.280,1.174,14.952,58.125,303.383,-51.496,-229.976,4.201,-204.893,-3991.231,-30.633,227.569,505.855,-295.617,-4322.910,-0.445,4.135,-11.006,65.004
5.000,4.000,0.010,8.000,nan,1.277,24.590,1.230,0.000,0.000,0.000,1.189,1.316,0.903,19.249,58.054,303.565,-51.496,-229.976,4.239,-201.765,-3999.557,-35.421,227.569,505.855,-295.617,-4322.910,-1.847,4.135,-11.006,51.239
5.000,4.000,0.010,9.000,nan,0.969,25.410,1.297,0.000,0.000,0.000,0.877,1.361,0.644,26.213,57.989,303.734,-51.496,-229.976,3.966,-199.443,-4005.739,-40.217,227.569,505.855,-295.617,-4322.910,-9.615,4.135,-11.006,35.297
5.000,4.000,0.010,10.000,nan,0.665,26.219,1.372,0.000,0.000,0.000,0.568,1.415,0.401,39.409,57.908,303.946,-51.496,-229.976,3.329,-197.884,-4009.888,-44.997,227.569,505.855,-295.617,-4322.910,-21.053,4.135,-11.006,17.014
5.000,4.000,0.010,11.000,nan,0.368,27.011,1.455,0.000,0.000,0.000,0.265,1.477,0.180,73.446,57.772,304.305,-51.496,-229.976,3.153,-197.224,-4011.645,-49.709,227.569,505.855,-295.617,-4322.910,-34.375,4.135,-11.006,-3.765
5.000,4.000,0.010,12.000,nan,0.080,27.778,1.546,0.000,0.000,0.000,-0.028,1.548,-0.018,349.063,57.580,304.811,-51.496,-229.976,2.564,-197.599,-4010.646,-54.292,227.569,505.855,-295.617,-4322.910,-47.680,4.135,-11.006,-26.768
5.000,4.000,0.010,13.000,nan,-0.197,28.513,1.643,0.000,0.000,0.000,-0.311,1.625,-0.191,-145.048,57.338,305.451,-51.496,-229.976,2.346,-199.030,-4006.838,-58.700,227.569,505.855,-295.617,-4322.910,-58.223,4.135,-11.006,-49.517
5.000,4.000,0.010,14.000,nan,-0.458,29.210,1.746,0.000,0.000,0.000,-0.579,1.710,-0.339,-63.749,57.049,306.216,-51.496,-229.976,2.071,-201.501,-4000.261,-62.892,227.569,505.855,-295.617,-4322.910,-66.707,4.135,-11.006,-71.321
5.000,4.000,0.010,15.000,nan,-0.704,29.865,1.854,0.000,0.000,0.000,-0.832,1.800,-0.462,-42.407,56.760,306.983,-51.496,-229.976,1.804,-204.919,-3991.163,-66.844,227.569,505.855,-295.617,-4322.910,-73.568,4.135,-11.006,-87.354
5.000,4.000,0.010,16.000,nan,-0.935,30.480,1.966,0.000,0.000,0.000,-1.070,1.896,-0.564,-32.587,56.488,307.703,-51.496,-229.976,1.671,-209.109,-3980.011,-70.555,227.569,505.855,-295.617,-4322.910,-78.653,4.135,-11.006,-100.123
5.000,4.000,0.010,17.000,nan,-1.151,31.055,2.082,0.000,0.000,0.000,-1.294,1.997,-0.648,-26.970,56.207,308.447,-51.496,-229.976,1.574,-213.991,-3967.014,-74.011,227.569,505.855,-295.617,-4322.910,-82.293,4.135,-11.006,-108.653
5.000,4.000,0.010,18.000,nan,-1.351,31.586,2.202,0.000,0.000,0.000,-1.501,2.102,-0.714,-23.379,55.891,309.286,-51.496,-229.976,1.521,-219.644,-3951.968,-77.161,227.569,505.855,-295.617,-4322.910,-84.094,4.135,-11.006,-113.542
5.000,4.000,0.010,19.000,nan,-1.533,32.069,2.323,0.000,0.000,0.000,-1.691,2.210,-0.765,-20.926,55.550,310.190,-51.496,-229.976,1.507,-226.136,-3934.689,-79.951,227.569,505.855,-295.617,-4322.910,-84.707,4.135,-11.006,-115.071
5.000,4.000,0.010,20.000,nan,-1.696,32.503,2.446,0.000,0.000,0.000,-1.862,2.321,-0.802,-19.169,55.215,311.080,-51.496,-229.976,1.522,-233.444,-3915.237,-82.347,227.569,505.855,-295.617,-4322.910,-84.089,4.135,-11.006,-113.329
5.000,4.000,0.510,-20.000,nan,8.668,5.808,2.163,0.000,0.000,0.000,8.496,2.763,3.075,0.670,55.013,326.013,-53.668,-238.097,1.937,-516.775,-3295.671,2.860,228.521,523.096,-310.429,-4415.077,-10.576,4.557,-12.207,-74.744
5.000,4.000,0.510,-19.000,nan,8.629,5.913,2.066,0.000,0.000,0.000,8.463,2.663,3.178,0.685,55.252,325.371,-53.668,-238.097,1.900,-516.948,-3295.206,2.657,228.521,523.096,-310.429,-4415.077,-11.539,4.557,-12.207,-76.618
5.000,4.000,0.510,-18.000,nan,8.564,6.085,1.965,0.000,0.000,0.000,8.406,2.557,3.287,0.711,55.767,323.992,-53.668,-238.097,1.834,-515.955,-3297.865,2.770,228.521,523.096,-310.429,-4415.077,-12.860,4.557,-12.207,-77.813
5.000,4.000,0.510,-17.000,nan,8.469,6.340,1.858,0.000,0.000,0.000,8.319,2.445,3.403,0.749,56.276,322.628,-53.668,-238.097,1.788,-513.427,-3304.640,3.235,228.521,523.096,-310.429,-4415.077,-14.129,4.557,-12.207,-78.492
5.000,4.000,0.510,-16.000,nan,8.348,6.664,1.750,0.000,0.000,0.000,8.206,2.328,3.525,0.798,56.681,321.539,-53.668,-238.097,1.767,-509.466,-3315.250,3.959,228.521,523.096,-310.429,-4415.077,-14.931,4.557,-12.207,-78.772
5.000,4.000,0.510,-15.000,nan,8.205,7.047,1.641,0.000,0.000,0.000,8.071,2.209,3.653,0.859,57.041,320.574,-53.668,-238.097,1.761,-504.120,-3329.569,4.865,228.521,523.096,-310.429,-4415.077,-15.171,4.557,-12.207,-78.468
5.000,4.000,0.510,-14.000,nan,8.040,7.490,1.533,0.000,0.000,0.000,7.913,2.090,3.787,0.932,57.406,319.593,-53.668,-238.097,1.768,-497.255,-3347.961,5.921,228.521,523.096,-310.429,-4415.077,-14.920,4.557,-12.207,-76.926
5.000,4.000,0.510,-13.000,nan,7.853,7.992,1.426,0.000,0.000,0.000,7.734,1.970,3.926,1.018,57.765,318.628,-53.668,-238.097,1.791,-488.708,-3370.854,7.088,228.521,523.096,-310.429,-4415.077,-14.198,4.557,-12.207,-73.919
5.000,4.000,0.510,-12.000,nan,7.644,8.549,1.322,0.000,0.000,0.000,7.534,1.852,4.069,1.118,58.092,317.749,-53.668,-238.097,1.832,-478.307,-3398.717,8.326,228.521,523.096,-310.429,-4415.077,-12.975,4.557,-12.207,-69.544
5.000,4.000,0.510,-11.000,nan,7.417,9.158,1.221,0.000,0.000,0.000,7.314,1.735,4.215,1.235,58.389,316.950,-53.668,-238.097,1.889,-465.861,-3432.059,9.583,228.521,523.096,-310.429,-4415.077,-10.877,4.557,-12.207,-63.975
5.000,4.000,0.510,-10.000,nan,7.171,9.816,1.125,0.000,0.000,0.000,7.075,1.622,4.361,1.369,58.681,316.165,-53.668,-238.097,1.962,-451.128,-3471.524,10.808,228.521,523.096,-310.429,-4415.077,-8.175,4.557,-12.207,-57.050
5.000,4.000,0.510,-9.000,nan,6.908,10.523,1.034,0.000,0.000,0.000,6.819,1.513,4.506,1.523,58.971,315.383,-53.668,-238.097,2.110,-433.839,-3517.838,11.937,228.521,523.096,-310.429,-4415.077,-4.736,4.557,-12.207,-48.965
5.000,4.000,0.510,-8.000,nan,6.626,11.278,0.949,0.000,0.000,0.000,6.544,1.409,4.645,1.702,59.246,314.642,-53.668,-238.097,2.247,-414.170,-3570.528,12.842,228.521,523.096,-310.429,-4415.077,-0.726,4.557,-12.207,-40.013
5.000,4.000,0.510,-7.000,nan,6.328,12.076,0.870,0.000,0.000,0.000,6.252,1.310,4.773,1.908,59.498,313.963,-53.668,-238.097,2.354,-393.099,-3626.973,13.326,228.521,523.096,-310.429,-4415.077,3.324,4.557,-12.207,-30.184
5.000,4.000,0.510,-6.000,nan,6.015,12.913,0.800,0.000,0.000,0.000,5.945,1.217,4.884,2.147,59.702,313.411,-53.668,-238.097,2.530,-371.733,-3684.207,13.235,228.521,523.096,-310.429,-4415.077,7.911,4.557,-12.207,-20.160
5.000,4.000,0.510,-5.000,nan,5.692,13.779,0.737,0.000,0.000,0.000,5.627,1.133,4.968,2.421,59.828,313.069,-53.668,-238.097,2.713,-351.287,-3738.979,12.473,228.521,523.096,-310.429,-4415.077,12.582,4.557,-12.207,-10.790
5.000,4.000,0.510,-4.000,nan,5.363,14.662,0.684,0.000,0.000,0.000,5.302,1.056,5.020,2.734,59.893,312.891,-53.668,-238.097,2.802,-332.875,-3788.298,11.017,228.521,523.096,-310.429,-4415.077,16.972,4.557,-12.207,-2.040
5.000,4.000,0.510,-3.000,nan,5.027,15.560,0.640,0.000,0.000,0.000,4.971,0.989,5.027,3.095,59.961,312.704,-53.668,-238.097,2.980,-316.480,-3832.219,8.956,228.521,523.096,-310.429,-4415.077,20.967,4.557,-12.207,5.979
5.000,4.000,0.510,-2.000,nan,4.686,16.473,0.605,0.000,0.000,0.000,4.633,0.930,4.980,3.515,60.036,312.496,-53.668,-238.097,3.081,-301.459,-3872.457,6.395,228.521,523.096,-310.429,-4415.077,23.901,4.557,-12.207,13.371
5.000,4.000,0.510,-1.000,nan,4.340,17.402,0.580,0.000,0.000,0.000,4.289,0.881,4.868,4.010,60.110,312.292,-53.668,-238.097,3.123,-287.177,-3910.715,3.399,228.521,523.096,-310.429,-4415.077,25.864,4.557,-12.207,18.808
5.000,4.000,0.510,0.000,nan,3.987,18.346,0.564,0.000,0.000,0.000,3.938,0.841,4.682,4.601,60.179,312.101,-53.668,-238.097,3.151,-273.014,-3948.654,0.000,228.521,523.096,-310.429,-4415.077,27.554,4.557,-12.207,22.362
5.000,4.000,0.510,1.000,nan,3.631,19.301,0.559,0.000,0.000,0.000,3.583,0.811,4.417,5.316,60.223,311.980,-53.668,-238.097,3.201,-258.762,-3986.834,-3.803,228.521,523.096,-310.429,-4415.077,28.870,4.557,-12.207,24.450
5.000,4.000,0.510,2.000,nan,3.272,20.261,0.564,0.000,0.000,0.000,3.225,0.791,4.077,6.191,60.224,311.970,-53.668,-238.097,3.300,-245.208,-4023.141,-7.994,228.521,523.096,-310.429,-4415.077,29.305,4.557,-12.207,24.927
5.000,4.000,0.510,3.000,nan,2.914,21.220,0.579,0.000,0.000,0.000,2.867,0.781,3.670,7.281,60.185,312.070,-53.668,-238.097,3.199,-233.162,-4055.411,-12.511,228.521,523.096,-310.429,-4415.077,28.857,4.557,-12.207,23.892
5.000,4.000,0.510,4.000,nan,2.559,22.172,0.605,0.000,0.000,0.000,2.511,0.782,3.212,8.664,60.105,312.279,-53.668,-238.097,3.148,-222.696,-4083.447,-17.289,228.521,523.096,-310.429,-4415.077,27.540,4.557,-12.207,21.077
5.000,4.000,0.510,5.000,nan,2.209,23.110,0.639,0.000,0.000,0.000,2.159,0.792,2.726,10.463,59.989,312.583,-53.668,-238.097,3.120,-213.633,-4107.725,-22.276,228.521,523.096,-310.429,-4415.077,25.816,4.557,-12.207,16.754
5.000,4.000,0.510,6.000,nan,1.865,24.032,0.684,0.000,0.000,0.000,1.812,0.812,2.231,12.888,59.866,312.908,-53.668,-238.097,3.076,-205.901,-4128.436,-27.423,228.521,523.096,-310.429,-4415.077,23.866,4.557,-12.207,10.670
5.000,4.000,0.510,7.000,nan,1.527,24.936,0.738,0.000,0.000,0.000,1.472,0.843,1.747,16.328,59.740,313.241,-53.668,-238.097,2.975,-199.517,-4145.538,-32.674,228.521,523.096,-310.429,-4415.077,20.936,4.557,-12.207,2.752
5.000,4.000,0.510,8.000,nan,1.196,25.822,0.801,0.000,0.000,0.000,1.138,0.882,1.289,21.585,59.620,313.557,-53.668,-238.097,2.797,-194.444,-4159.128,-37.979,228.521,523.096,-310.429,-4415.077,16.982,4.557,-12.207,-5.527
5.000,4.000,0.510,9.000,nan,0.872,26.692,0.872,0.000,0.000,0.000,0.809,0.931,0.869,30.615,59.509,313.848,-53.668,-238.097,2.708,-190.564,-4169.520,-43.301,228.521,523.096,-310.429,-4415.077,12.627,4.557,-12.207,-14.364
5.000,4.000,0.510,10.000,nan,0.555,27.542,0.953,0.000,0.000,0.000,0.487,0.989,0.492,49.662,59.366,314.225,-53.668,-238.097,2.526,-187.831,-4176.842,-48.599,228.521,523.096,-310.429,-4415.077,7.958,4.557,-12.207,-24.095
5.000,4.000,0.510,11.000,nan,0.248,28.362,1.041,0.000,0.000,0.000,0.175,1.056,0.166,114.200,59.147,314.808,-53.668,-238.098,2.351,-186.403,-4180.667,-53.801,228.521,523.096,-310.429,-4415.077,3.398,4.557,-12.207,-33.988
5.000,4.000,0.510,12.000,nan,-0.043,29.142,1.136,0.000,0.000,0.000,-0.122,1.130,-0.108,-679.137,58.865,315.558,-53.668,-238.098,2.245,-186.454,-4180.532,-58.823,228.521,523.096,-310.429,-4415.077,-0.620,4.557,-12.207,-43.579
5.000,4.000,0.510,13.000,nan,-0.317,29.877,1.237,0.000,0.000,0.000,-0.403,1.211,-0.332,-94.178,58.561,316.369,-53.668,-238.098,2.110,-188.020,-4176.335,-63.596,228.521,523.096,-310.429,-4415.077,-4.591,4.557,-12.207,-52.114
5.000,4.000,0.510,14.000,nan,-0.573,30.563,1.342,0.000,0.000,0.000,-0.666,1.299,-0.512,-53.297,58.239,317.227,-53.668,-238.098,1.964,-191.082,-4168.133,-68.060,228.521,523.096,-310.429,-4415.077,-7.993,4.557,-12.207,-59.646
5.000,4.000,0.510,15.000,nan,-0.811,31.200,1.452,0.000,0.000,0.000,-0.910,1.392,-0.654,-38.470,57.916,318.089,-53.668,-238.098,1.893,-195.516,-4156.256,-72.175,228.521,523.096,-310.429,-4415.077,-10.675,4.557,-12.207,-66.068
5.000,4.000,0.510,16.000,nan,-1.030,31.786,1.565,0.000,0.000,0.000,-1.137,1.490,-0.763,-30.863,57.595,318.946,-53.668,-238.098,1.837,-201.108,-4141.277,-75.933,228.521,523.096,-310.429,-4415.077,-12.766,4.557,-12.207,-71.095
5.000,4.000,0.510,17.000,nan,-1.229,32.321,1.681,0.000,0.000,0.000,-1.344,1.591,-0.844,-26.289,57.255,319.852,-53.668,-238.098,1.797,-207.738,-4123.516,-79.311,228.521,523.096,-310.429,-4415.077,-13.974,4.557,-12.207,-74.887
5.000,4.000,0.510,18.000,nan,-1.408,32.799,1.798,0.000,0.000,0.000,-1.530,1.696,-0.902,-23.293,56.886,320.838,-53.668,-238.098,1.775,-215.479,-4102.779,-82.241,228.521,523.096,-310.429,-4415.077,-14.687,4.557,-12.207,-77.402
5.000,4.000,0.510,19.000,nan,-1.565,33.218,1.916,0.000,0.000,0.000,-1.694,1.802,-0.940,-21.232,56.502,321.864,-53.668,-238.098,1.769,-224.399,-4078.883,-84.653,228.521,523.096,-310.429,-4415.077,-14.936,4.557,-12.207,-78.322
5.000,4.000,0.510,20.000,nan,-1.699,33.578,2.033,0.000,0.000,0.000,-1.837,1.909,-0.962,-19.764,56.127,322.866,-53.668,-238.098,1.775,-234.475,-4051.892,-86.497,228.521,523.096,-310.429,-4415.077,-14.707,4.557,-12.207,-78.347
5.000,4.000,1.010,-20.000,nan,13.249,-3.777,3.676,0.000,0.000,0.000,12.960,4.591,2.823,-0.285,66.567,355.739,-64.909,-276.462,1.267,-414.656,-3997.310,51.146,236.212,619.329,-133.013,-5280.942,51.168,8.441,-24.450,21.175
5.000,4.000,1.010,-19.000,nan,13.058,-3.225,3.474,0.000,0.000,0.000,12.784,4.377,2.921,-0.247,66.825,354.988,-64.909,-276.462,1.411,-407.028,-4019.406,50.538,236.212,619.329,-133.013,-5280.942,53.634,8.441,-24.450,27.824
5.000,4.000,1.010,-18.000,nan,12.831,-2.567,3.271,0.000,0.000,0.000,12.572,4.158,3.024,-0.200,67.109,354.164,-64.909,-276.462,1.556,-398.564,-4043.925,49.944,236.212,619.329,-133.013,-5280.942,56.582,8.441,-24.450,34.078
5.000,4.000,1.010,-17.000,nan,12.572,-1.815,3.067,0.000,0.000,0.000,12.327,3.937,3.131,-0.144,67.338,353.497,-64.909,-276.462,1.665,-389.382,-4070.521,49.296,236.212,619.329,-133.013,-5280.942,59.446,8.441,-24.450,40.216
5.000,4.000,1.010,-16.000,nan,12.284,-0.983,2.867,0.000,0.000,0.000,12.054,3.717,3.243,-0.080,67.534,352.928,-64.909,-276.462,1.755,-379.615,-4098.815,48.531,236.212,619.329,-133.013,-5280.942,61.890,8.441,-24.450,46.534
5.000,4.000,1.010,-15.000,nan,11.970,-0.073,2.671,0.000,0.000,0.000,11.755,3.500,3.359,-0.006,67.730,352.356,-64.909,-276.462,1.842,-369.139,-4129.160,47.651,236.212,619.329,-133.013,-5280.942,64.008,8.441,-24.450,53.166
5.000,4.000,1.010,-14.000,nan,11.629,0.916,2.481,0.000,0.000,0.000,11.427,3.286,3.478,0.079,67.925,351.787,-64.909,-276.462,1.923,-357.771,-4162.088,46.663,236.212,619.329,-133.013,-5280.942,65.906,8.441,-24.450,59.614
5.000,4.000,1.010,-13.000,nan,11.261,1.980,2.296,0.000,0.000,0.000,11.074,3.076,3.600,0.176,68.106,351.259,-64.909,-276.462,1.991,-345.379,-4197.983,45.553,236.212,619.329,-133.013,-5280.942,67.576,8.441,-24.450,65.276
5.000,4.000,1.010,-12.000,nan,10.870,3.115,2.120,0.000,0.000,0.000,10.695,2.873,3.723,0.287,68.271,350.777,-64.909,-276.462,2.046,-331.864,-4237.135,44.295,236.212,619.329,-133.013,-5280.942,68.988,8.441,-24.450,69.990
5.000,4.000,1.010,-11.000,nan,10.454,4.317,1.952,0.000,0.000,0.000,10.293,2.676,3.846,0.413,68.427,350.321,-64.909,-276.462,2.093,-317.088,-4279.935,42.862,236.212,619.329,-133.013,-5280.942,70.151,8.441,-24.450,73.853
5.000,4.000,1.010,-10.000,nan,10.017,5.584,1.794,0.000,0.000,0.000,9.868,2.488,3.966,0.557,68.575,349.886,-64.909,-276.462,2.131,-300.884,-4326.872,41.223,236.212,619.329,-133.013,-5280.942,71.095,8.441,-24.450,76.616
5.000,4.000,1.010,-9.000,nan,9.558,6.913,1.646,0.000,0.000,0.000,9.420,2.309,4.080,0.723,68.717,349.470,-64.909,-276.462,2.161,-283.081,-4378.444,39.340,236.212,619.329,-133.013,-5280.942,71.831,8.441,-24.450,76.749
5.000,4.000,1.010,-8.000,nan,9.079,8.303,1.510,0.000,0.000,0.000,8.951,2.140,4.184,0.915,68.853,349.072,-64.909,-276.462,2.183,-263.507,-4435.143,37.163,236.212,619.329,-133.013,-5280.942,72.297,8.441,-24.450,75.133
5.000,4.000,1.010,-7.000,nan,8.580,9.748,1.386,0.000,0.000,0.000,8.462,1.981,4.271,1.136,68.972,348.720,-64.909,-276.462,2.192,-242.317,-4496.523,34.601,236.212,619.329,-133.013,-5280.942,72.426,8.441,-24.450,75.627
5.000,4.000,1.010,-6.000,nan,8.064,11.241,1.276,0.000,0.000,0.000,7.956,1.835,4.335,1.394,69.054,348.477,-64.909,-276.462,2.180,-220.295,-4560.315,31.516,236.212,619.329,-133.013,-5280.942,71.867,8.441,-24.450,76.816
5.000,4.000,1.010,-5.000,nan,7.537,12.769,1.180,0.000,0.000,0.000,7.436,1.703,4.367,1.694,69.101,348.336,-64.909,-276.462,2.151,-198.321,-4623.965,27.810,236.212,619.329,-133.013,-5280.942,68.996,8.441,-24.450,79.209
5.000,4.000,1.010,-4.000,nan,7.000,14.325,1.098,0.000,0.000,0.000,6.906,1.584,4.360,2.047,69.142,348.210,-64.909,-276.462,2.059,-177.179,-4685.208,23.439,236.212,619.329,-133.013,-5280.942,65.222,8.441,-24.450,82.797
5.000,4.000,1.010,-3.000,nan,6.453,15.909,1.032,0.000,0.000,0.000,6.365,1.480,4.301,2.465,69.184,348.084,-64.909,-276.462,1.505,-157.478,-4742.275,18.413,236.212,619.329,-133.013,-5280.942,64.185,8.441,-24.450,83.896
5.000,4.000,1.010,-2.000,nan,5.897,17.520,0.982,0.000,0.000,0.000,5.814,1.390,4.181,2.971,69.224,347.962,-64.909,-276.462,1.888,-139.119,-4795.456,12.795,236.212,619.329,-133.013,-5280.942,64.710,8.441,-24.450,83.807
5.000,4.000,1.010,-1.000,nan,5.332,19.156,0.947,0.000,0.000,0.000,5.253,1.316,3.991,3.593,69.261,347.847,-64.909,-276.462,2.117,-121.639,-4846.090,6.646,236.212,619.329,-133.013,-5280.942,69.066,8.441,-24.450,81.928
5.000,4.000,1.010,0.000,nan,4.760,20.814,0.928,0.000,0.000,0.000,4.683,1.258,3.724,4.373,69.284,347.776,-64.909,-276.462,2.248,-104.596,-4895.459,0.000,236.212,619.329,-133.013,-5280.942,75.678,8.441,-24.450,78.240
5.000,4.000,1.010,1.000,nan,4.183,22.484,0.925,0.000,0.000,0.000,4.108,1.215,3.381,5.375,69.273,347.799,-64.909,-276.462,2.663,-87.656,-4944.529,-7.132,236.212,619.329,-133.013,-5280.942,77.325,8.441,-24.450,76.519
5.000,4.000,1.010,2.000,nan,3.605,24.157,0.940,0.000,0.000,0.000,3.531,1.189,2.971,6.700,69.231,347.916,-64.909,-276.462,2.447,-70.891,-4993.092,-14.748,236.212,619.329,-133.013,-5280.942,77.028,8.441,-24.450,77.768
5.000,4.000,1.010,3.000,nan,3.031,25.821,0.970,0.000,0.000,0.000,2.956,1.179,2.507,8.518,69.156,348.127,-64.909,-276.462,2.196,-55.234,-5038.444,-22.806,236.212,619.329,-133.013,-5280.942,73.281,8.441,-24.450,81.235
5.000,4.000,1.010,4.000,nan,2.464,27.464,1.017,0.000,0.000,0.000,2.387,1.186,2.013,11.147,69.050,348.425,-64.909,-276.462,1.999,-41.582,-5077.991,-31.212,236.212,619.329,-133.013,-5280.942,66.723,8.441,-24.450,83.364
5.000,4.000,1.010,5.000,nan,1.906,29.081,1.079,0.000,0.000,0.000,1.826,1.209,1.510,15.261,68.938,348.746,-64.909,-276.462,1.547,-29.979,-5111.603,-39.883,236.212,619.329,-133.013,-5280.942,64.317,8.441,-24.450,83.502
5.000,4.000,1.010,6.000,nan,1.357,30.670,1.156,0.000,0.000,0.000,1.273,1.248,1.020,22.599,68.824,349.069,-64.909,-276.462,1.680,-20.146,-5140.084,-48.761,236.212,619.329,-133.013,-5280.942,64.277,8.441,-24.450,82.545
5.000,4.000,1.010,7.000,nan,0.819,32.229,1.249,0.000,0.000,0.000,0.730,1.303,0.560,39.356,68.710,349.392,-64.909,-276.462,2.055,-11.974,-5163.758,-57.786,236.212,619.329,-133.013,-5280.942,66.319,8.441,-24.450,79.046
5.000,4.000,1.010,8.000,nan,0.291,33.757,1.356,0.000,0.000,0.000,0.196,1.373,0.143,115.939,68.599,349.710,-64.909,-276.462,2.155,-5.461,-5182.622,-66.892,236.212,619.329,-133.013,-5280.942,70.018,8.441,-24.450,76.274
5.000,4.000,1.010,9.000,nan,-0.225,35.254,1.477,0.000,0.000,0.000,-0.328,1.458,-0.225,-156.384,68.476,350.060,-64.909,-276.462,2.175,-0.596,-5196.716,-76.017,236.212,619.329,-133.013,-5280.942,71.859,8.441,-24.450,74.932
5.000,4.000,1.010,10.000,nan,-0.728,36.708,1.612,0.000,0.000,0.000,-0.838,1.557,-0.538,-50.456,68.317,350.514,-64.909,-276.462,2.176,2.559,-5205.854,-85.085,236.212,619.329,-133.013,-5280.942,72.051,8.441,-24.450,74.211
5.000,4.000,1.010,11.000,nan,-1.211,38.109,1.759,0.000,0.000,0.000,-1.331,1.670,-0.797,-31.469,68.126,351.062,-64.909,-276.462,2.158,3.893,-5209.719,-94.009,236.212,619.329,-133.013,-5280.942,71.728,8.441,-24.450,75.526
5.000,4.000,1.010,12.000,nan,-1.674,39.449,1.917,0.000,0.000,0.000,-1.803,1.796,-1.004,-23.571,67.928,351.632,-64.909,-276.462,2.130,3.360,-5208.174,-102.706,236.212,619.329,-133.013,-5280.942,71.097,8.441,-24.450,75.747
5.000,4.000,1.010,13.000,nan,-2.115,40.726,2.086,0.000,0.000,0.000,-2.255,1.933,-1.166,-19.260,67.726,352.211,-64.909,-276.462,2.095,0.979,-5201.277,-111.104,236.212,619.329,-133.013,-5280.942,70.233,8.441,-24.450,73.044
5.000,4.000,1.010,14.000,nan,-2.533,41.939,2.264,0.000,0.000,0.000,-2.685,2.081,-1.290,-16.556,67.520,352.802,-64.909,-276.462,2.051,-3.231,-5189.083,-119.127,236.212,619.329,-133.013,-5280.942,69.166,8.441,-24.450,69.209
5.000,4.000,1.010,15.000,nan,-2.929,43.084,2.450,0.000,0.000,0.000,-3.092,2.240,-1.381,-14.712,67.311,353.405,-64.909,-276.462,2.000,-9.246,-5171.659,-126.703,236.212,619.329,-133.013,-5280.942,67.870,8.441,-24.450,64.547
5.000,4.000,1.010,16.000,nan,-3.300,44.160,2.644,0.000,0.000,0.000,-3.476,2.407,-1.444,-13.382,67.093,354.030,-64.909,-276.462,1.938,-16.968,-5149.290,-133.776,236.212,619.329,-133.013,-5280.942,66.321,8.441,-24.450,58.962
5.000,4.000,1.010,17.000,nan,-3.646,45.161,2.844,0.000,0.000,0.000,-3.835,2.583,-1.485,-12.388,66.863,354.693,-64.909,-276.462,1.863,-26.255,-5122.388,-140.305,236.212,619.329,-133.013,-5280.942,64.530,8.441,-24.450,52.551
5.000,4.000,1.010,18.000,nan,-3.964,46.085,3.049,0.000,0.000,0.000,-4.168,2.765,-1.507,-11.624,66.625,355.378,-64.909,-276.462,1.778,-37.023,-5091.197,-146.244,236.212,619.329,-133.013,-5280.942,62.529,8.441,-24.450,45.883
5.000,4.000,1.010,19.000,nan,-4.256,46.929,3.258,0.000,0.000,0.000,-4.473,2.953,-1.515,-11.027,66.392,356.051,-64.909,-276.462,1.689,-49.251,-5055.776,-151.527,236.212,619.329,-133.013,-5280.942,60.280,8.441,-24.450,39.504
5.000,4.000,1.010,20.000,nan,-4.521,47.695,3.469,0.000,0.000,0.000,-4.751,3.145,-1.511,-10.551,66.160,356.721,-64.909,-276.462,1.594,-62.908,-5016.217,-156.097,236.212,619.329,-133.013,-5280.942,57.653,8.441,-24.450,33.348
5.000,4.000,1.510,-20.000,nan,8.671,4.139,2.563,0.000,0.000,0.000,8.471,3.161,2.680,0.477,55.814,289.205,-53.505,-249.304,1.111,-323.847,-3556.475,45.071,249.742,924.087,-233.232,-3869.165,21.726,3.321,-9.730,-72.369
5.000,4.000,1.510,-19.000,nan,8.496,4.653,2.418,0.000,0.000,0.000,8.307,3.005,2.764,0.548,55.936,288.847,-53.505,-249.304,1.131,-315.902,-3579.751,45.039,249.742,924.087,-233.232,-3869.165,22.283,3.321,-9.730,-70.709
5.000,4.000,1.510,-18.000,nan,8.312,5.192,2.278,0.000,0.000,0.000,8.133,2.853,2.851,0.625,56.041,288.540,-53.505,-249.304,1.150,-308.309,-3601.998,44.665,249.742,924.087,-233.232,-3869.165,22.821,3.321,-9.730,-69.060
5.000,4.000,1.510,-17.000,nan,8.120,5.754,2.143,0.000,0.000,0.000,7.951,2.705,2.940,0.709,56.142,288.243,-53.505,-249.304,1.169,-301.036,-3623.306,43.979,249.742,924.087,-233.232,-3869.165,23.354,3.321,-9.730,-67.432
5.000,4.000,1.510,-16.000,nan,7.920,6.341,2.014,0.000,0.000,0.000,7.760,2.561,3.030,0.801,56.244,287.945,-53.505,-249.304,1.189,-294.018,-3643.869,43.013,249.742,924.087,-233.232,-3869.165,23.893,3.321,-9.730,-65.833
5.000,4.000,1.510,-15.000,nan,7.712,6.951,1.889,0.000,0.000,0.000,7.561,2.423,3.121,0.901,56.342,287.656,-53.505,-249.304,1.208,-287.189,-3663.874,41.799,249.742,924.087,-233.232,-3869.165,24.436,3.321,-9.730,-64.220
5.000,4.000,1.510,-14.000,nan,7.496,7.583,1.771,0.000,0.000,0.000,7.354,2.290,3.212,1.012,56.435,287.383,-53.505,-249.304,1.228,-280.497,-3683.481,40.359,249.742,924.087,-233.232,-3869.165,24.978,3.321,-9.730,-62.606
5.000,4.000,1.510,-13.000,nan,7.273,8.236,1.659,0.000,0.000,0.000,7.140,2.162,3.302,1.132,56.523,287.125,-53.505,-249.304,1.247,-273.931,-3702.716,38.701,249.742,924.087,-233.232,-3869.165,25.519,3.321,-9.730,-60.819
5.000,4.000,1.510,-12.000,nan,7.043,8.909,1.553,0.000,0.000,0.000,6.918,2.040,3.390,1.265,56.607,286.880,-53.505,-249.304,1.266,-267.523,-3721.491,36.826,249.742,924.087,-233.232,-3869.165,26.105,3.321,-9.730,-59.054
5.000,4.000,1.510,-11.000,nan,6.807,9.602,1.454,0.000,0.000,0.000,6.689,1.925,3.475,1.411,56.686,286.647,-53.505,-249.304,1.291,-261.303,-3739.716,34.738,249.742,924.087,-233.232,-3869.165,26.732,3.321,-9.730,-57.292
5.000,4.000,1.510,-10.000,nan,6.564,10.313,1.361,0.000,0.000,0.000,6.453,1.816,3.553,1.571,56.760,286.430,-53.505,-249.304,1.310,-255.302,-3757.297,32.440,249.742,924.087,-233.232,-3869.165,27.484,3.321,-9.730,-55.726
5.000,4.000,1.510,-9.000,nan,6.315,11.042,1.276,0.000,0.000,0.000,6.211,1.714,3.624,1.748,56.828,286.228,-53.505,-249.304,1.349,-249.547,-3774.158,29.939,249.742,924.087,-233.232,-3869.165,28.190,3.321,-9.730,-54.310
5.000,4.000,1.510,-8.000,nan,6.061,11.786,1.198,0.000,0.000,0.000,5.963,1.618,3.685,1.944,56.891,286.044,-53.505,-249.304,1.364,-244.039,-3790.294,27.245,249.742,924.087,-233.232,-3869.165,28.854,3.321,-9.730,-53.240
5.000,4.000,1.510,-7.000,nan,5.802,12.545,1.128,0.000,0.000,0.000,5.709,1.530,3.731,2.162,56.947,285.878,-53.505,-249.304,1.384,-238.774,-3805.719,24.370,249.742,924.087,-233.232,-3869.165,29.105,3.321,-9.730,-52.234
5.000,4.000,1.510,-6.000,nan,5.538,13.317,1.066,0.000,0.000,0.000,5.451,1.450,3.760,2.405,56.998,285.730,-53.505,-249.304,1.370,-233.747,-3820.448,21.325,249.742,924.087,-233.232,-3869.165,29.242,3.321,-9.730,-51.338
5.000,4.000,1.510,-5.000,nan,5.271,14.102,1.011,0.000,0.000,0.000,5.187,1.376,3.768,2.676,57.043,285.597,-53.505,-249.304,1.386,-228.949,-3834.504,18.119,249.742,924.087,-233.232,-3869.165,29.079,3.321,-9.730,-50.353
5.000,4.000,1.510,-4.000,nan,4.999,14.898,0.965,0.000,0.000,0.000,4.919,1.311,3.752,2.980,57.083,285.480,-53.505,-249.304,1.363,-224.386,-3847.872,14.762,249.742,924.087,-233.232,-3869.165,29.082,3.321,-9.730,-49.205
5.000,4.000,1.510,-3.000,nan,4.724,15.704,0.927,0.000,0.000,0.000,4.648,1.254,3.706,3.324,57.115,285.383,-53.505,-249.304,1.392,-220.081,-3860.487,11.262,249.742,924.087,-233.232,-3869.165,29.236,3.321,-9.730,-47.825
5.000,4.000,1.510,-2.000,nan,4.446,16.518,0.897,0.000,0.000,0.000,4.373,1.205,3.629,3.715,57.142,285.305,-53.505,-249.304,1.400,-216.056,-3872.280,7.627,249.742,924.087,-233.232,-3869.165,29.987,3.321,-9.730,-46.396
5.000,4.000,1.510,-1.000,nan,4.166,17.339,0.876,0.000,0.000,0.000,4.095,1.164,3.517,4.162,57.165,285.238,-53.505,-249.304,1.444,-212.329,-3883.198,3.870,249.742,924.087,-233.232,-3869.165,30.997,3.321,-9.730,-44.999
5.000,4.000,1.510,0.000,nan,3.883,18.166,0.863,0.000,0.000,0.000,3.814,1.132,3.370,4.678,57.184,285.179,-53.505,-249.304,1.486,-208.908,-3893.221,0.000,249.742,924.087,-233.232,-3869.165,32.192,3.321,-9.730,-43.909
5.000,4.000,1.510,1.000,nan,3.599,18.998,0.859,0.000,0.000,0.000,3.531,1.108,3.187,5.278,57.191,285.158,-53.505,-249.304,1.530,-205.778,-3902.391,-3.970,249.742,924.087,-233.232,-3869.165,33.078,3.321,-9.730,-43.296
5.000,4.000,1.510,2.000,nan,3.315,19.832,0.864,0.000,0.000,0.000,3.247,1.093,2.971,5.983,57.181,285.186,-53.505,-249.304,1.542,-202.933,-3910.726,-8.029,249.742,924.087,-233.232,-3869.165,33.431,3.321,-9.730,-43.133
5.000,4.000,1.510,3.000,nan,3.031,20.665,0.877,0.000,0.000,0.000,2.962,1.086,2.727,6.819,57.154,285.265,-53.505,-249.304,1.526,-200.395,-3918.163,-12.167,249.742,924.087,-233.232,-3869.165,32.948,3.321,-9.730,-43.537
5.000,4.000,1.510,4.000,nan,2.748,21.493,0.899,0.000,0.000,0.000,2.678,1.088,2.461,7.822,57.110,285.394,-53.505,-249.304,1.476,-198.205,-3924.578,-16.368,249.742,924.087,-233.232,-3869.165,31.976,3.321,-9.730,-44.472
5.000,4.000,1.510,5.000,nan,2.467,22.315,0.929,0.000,0.000,0.000,2.397,1.099,2.180,9.044,57.051,285.565,-53.505,-249.304,1.432,-196.397,-3929.876,-20.618,249.742,924.087,-233.232,-3869.165,30.722,3.321,-9.730,-45.720
5.000,4.000,1.510,6.000,nan,2.190,23.128,0.968,0.000,0.000,0.000,2.117,1.119,1.893,10.562,56.989,285.747,-53.505,-249.304,1.388,-194.973,-3934.046,-24.901,249.742,924.087,-233.232,-3869.165,29.768,3.321,-9.730,-47.250
5.000,4.000,1.510,7.000,nan,1.915,23.932,1.015,0.000,0.000,0.000,1.840,1.146,1.605,12.495,56.924,285.937,-53.505,-249.304,1.382,-193.928,-3937.110,-29.202,249.742,924.087,-233.232,-3869.165,29.077,3.321,-9.730,-48.711
5.000,4.000,1.510,8.000,nan,1.644,24.726,1.071,0.000,0.000,0.000,1.566,1.183,1.324,15.036,56.853,286.143,-53.505,-249.304,1.352,-193.259,-3939.069,-33.508,249.742,924.087,-233.232,-3869.165,28.935,3.321,-9.730,-50.092
5.000,4.000,1.510,9.000,nan,1.378,25.508,1.134,0.000,0.000,0.000,1.295,1.227,1.055,18.516,56.776,286.367,-53.505,-249.304,1.377,-192.970,-3939.915,-37.802,249.742,924.087,-233.232,-3869.165,28.925,3.321,-9.730,-51.209
5.000,4.000,1.510,10.000,nan,1.115,26.277,1.205,0.000,0.000,0.000,1.028,1.280,0.803,23.563,56.694,286.607,-53.505,-249.304,1.360,-193.062,-3939.645,-42.070,249.742,924.087,-233.232,-3869.165,29.085,3.321,-9.730,-52.248
5.000,4.000,1.510,11.000,nan,0.858,27.031,1.284,0.000,0.000,0.000,0.766,1.341,0.571,31.521,56.608,286.860,-53.505,-249.304,1.374,-193.533,-3938.267,-46.297,249.742,924.087,-233.232,-3869.165,28.857,3.321,-9.730,-53.180
5.000,4.000,1.510,12.000,nan,0.605,27.771,1.370,0.000,0.000,0.000,0.508,1.409,0.361,45.885,56.517,287.127,-53.505,-249.304,1.352,-194.377,-3935.793,-50.469,249.742,924.087,-233.232,-3869.165,28.539,3.321,-9.730,-54.291
5.000,4.000,1.510,13.000,nan,0.359,28.494,1.464,0.000,0.000,0.000,0.256,1.485,0.172,79.469,56.420,287.410,-53.505,-249.304,1.337,-195.592,-3932.235,-54.571,249.742,924.087,-233.232,-3869.165,27.833,3.321,-9.730,-55.551
5.000,4.000,1.510,14.000,nan,0.118,29.198,1.564,0.000,0.000,0.000,0.009,1.569,0.005,247.571,56.318,287.708,-53.505,-249.304,1.297,-197.173,-3927.601,-58.588,249.742,924.087,-233.232,-3869.166,27.112,3.321,-9.730,-57.027
5.000,4.000,1.510,15.000,nan,-0.116,29.884,1.672,0.000,0.000,0.000,-0.233,1.660,-0.140,-257.163,56.211,288.020,-53.505,-249.304,1.278,-199.119,-3921.900,-62.506,249.742,924.087,-233.232,-3869.166,26.343,3.321,-9.730,-58.743
5.000,4.000,1.510,16.000,nan,-0.344,30.550,1.785,0.000,0.000,0.000,-0.467,1.757,-0.266,-88.928,56.100,288.344,-53.505,-249.304,1.252,-201.424,-3915.146,-66.311,249.742,924.087,-233.232,-3869.166,25.732,3.321,-9.730,-60.556
5.000,4.000,1.510,17.000,nan,-0.564,31.196,1.905,0.000,0.000,0.000,-0.695,1.861,-0.374,-55.338,55.986,288.678,-53.505,-249.304,1.233,-204.081,-3907.363,-69.989,249.742,924.087,-233.232,-3869.166,25.141,3.321,-9.730,-62.353
5.000,4.000,1.510,18.000,nan,-0.776,31.819,2.031,0.000,0.000,0.000,-0.916,1.972,-0.465,-40.978,55.869,289.021,-53.505,-249.305,1.213,-207.078,-3898.581,-73.527,249.742,924.087,-233.232,-3869.166,24.591,3.321,-9.730,-64.104
5.000,4.000,1.510,19.000,nan,-0.981,32.420,2.163,0.000,0.000,0.000,-1.130,2.089,-0.541,-33.031,55.748,289.375,-53.505,-249.305,1.193,-210.413,-3888.812,-76.911,249.742,924.087,-233.232,-3869.166,24.040,3.321,-9.730,-65.749
5.000,4.000,1.510,20.000,nan,-1.178,32.997,2.300,0.000,0.000,0.000,-1.336,2.212,-0.604,-28.000,55.623,289.741,-53.505,-249.305,1.173,-214.084,-3878.057,-80.126,249.742,924.087,-233.232,-3869.166,23.489,3.321,-9.730,-67.374
5.000,4.000,2.010,-20.000,nan,7.389,5.248,2.190,0.000,0.000,0.000,7.219,2.700,2.674,0.710,51.475,262.960,-48.058,-230.187,0.401,-281.762,-3238.148,42.159,254.735,951.142,-238.969,-3370.597,19.390,2.103,-6.173,-97.131
5.000,4.000,2.010,-19.000,nan,7.237,5.696,2.065,0.000,0.000,0.000,7.075,2.565,2.759,0.787,51.578,262.660,-48.058,-230.187,0.410,-277.599,-3250.365,41.182,254.735,951.142,-238.969,-3370.597,19.703,2.103,-6.173,-95.639
5.000,4.000,2.010,-18.000,nan,7.080,6.157,1.945,0.000,0.000,0.000,6.927,2.434,2.846,0.870,51.596,262.607,-48.058,-230.187,0.414,-273.270,-3263.072,40.134,254.735,951.142,-238.969,-3370.597,20.034,2.103,-6.173,-93.775
5.000,4.000,2.010,-17.000,nan,6.918,6.632,1.830,0.000,0.000,0.000,6.773,2.308,2.935,0.959,51.713,262.262,-48.058,-230.187,0.434,-268.822,-3276.125,38.995,254.735,951.142,-238.969,-3370.597,20.722,2.103,-6.173,-91.914
5.000,4.000,2.010,-16.000,nan,6.740,7.153,1.717,0.000,0.000,0.000,6.604,2.183,3.025,1.061,52.138,261.016,-48.058,-230.187,0.479,-263.828,-3290.784,37.870,254.735,951.142,-238.969,-3370.597,21.861,2.103,-6.173,-90.386
5.000,4.000,2.010,-15.000,nan,6.539,7.744,1.605,0.000,0.000,0.000,6.411,2.058,3.116,1.184,52.694,259.382,-48.058,-230.187,0.524,-257.964,-3307.992,36.810,254.735,951.142,-238.969,-3370.597,22.973,2.103,-6.173,-88.994
5.000,4.000,2.010,-14.000,nan,6.324,8.374,1.498,0.000,0.000,0.000,6.204,1.935,3.206,1.324,52.869,258.869,-48.058,-230.187,0.538,-251.804,-3326.073,35.643,254.735,951.142,-238.969,-3370.597,23.452,2.103,-6.173,-87.680
5.000,4.000,2.010,-13.000,nan,6.111,8.999,1.398,0.000,0.000,0.000,5.999,1.821,3.294,1.473,52.667,259.462,-48.058,-230.187,0.523,-246.118,-3342.762,34.193,254.735,951.142,-238.969,-3370.597,23.447,2.103,-6.173,-86.617
5.000,4.000,2.010,-12.000,nan,5.904,9.607,1.308,0.000,0.000,0.000,5.799,1.716,3.379,1.627,52.484,260.000,-48.058,-230.187,0.523,-241.093,-3357.509,32.448,254.735,951.142,-238.969,-3370.597,23.299,2.103,-6.173,-86.220
5.000,4.000,2.010,-11.000,nan,5.699,10.209,1.224,0.000,0.000,0.000,5.600,1.619,3.459,1.791,52.417,260.196,-48.058,-230.187,0.522,-236.509,-3370.963,30.480,254.735,951.142,-238.969,-3370.597,23.342,2.103,-6.173,-86.374
5.000,4.000,2.010,-10.000,nan,5.493,10.813,1.148,0.000,0.000,0.000,5.400,1.528,3.534,1.969,52.380,260.306,-48.058,-230.187,0.528,-232.245,-3383.478,28.330,254.735,951.142,-238.969,-3370.597,23.355,2.103,-6.173,-86.663
5.000,4.000,2.010,-9.000,nan,5.288,11.416,1.078,0.000,0.000,0.000,5.200,1.445,3.599,2.159,52.314,260.497,-48.058,-230.187,0.524,-228.346,-3394.920,26.006,254.735,951.142,-238.969,-3370.597,23.318,2.103,-6.173,-86.828
5.000,4.000,2.010,-8.000,nan,5.084,12.015,1.016,0.000,0.000,0.000,5.000,1.368,3.655,2.363,52.237,260.724,-48.058,-230.187,0.520,-224.860,-3405.152,23.520,254.735,951.142,-238.969,-3370.597,23.192,2.103,-6.173,-87.002
5.000,4.000,2.010,-7.000,nan,4.881,12.611,0.960,0.000,0.000,0.000,4.802,1.298,3.698,2.584,52.172,260.916,-48.058,-230.187,0.516,-221.781,-3414.188,20.891,254.735,951.142,-238.969,-3370.597,23.094,2.103,-6.173,-87.407
5.000,4.000,2.010,-6.000,nan,4.679,13.204,0.912,0.000,0.000,0.000,4.604,1.236,3.726,2.822,52.118,261.073,-48.058,-230.187,0.515,-219.096,-3422.069,18.138,254.735,951.142,-238.969,-3370.597,22.998,2.103,-6.173,-87.843
5.000,4.000,2.010,-5.000,nan,4.477,13.795,0.869,0.000,0.000,0.000,4.406,1.179,3.735,3.081,52.067,261.224,-48.058,-230.187,0.511,-216.804,-3428.794,15.280,254.735,951.142,-238.969,-3370.597,22.752,2.103,-6.173,-88.388
5.000,4.000,2.010,-4.000,nan,4.277,14.384,0.834,0.000,0.000,0.000,4.208,1.130,3.724,3.363,52.017,261.369,-48.058,-230.187,0.489,-214.914,-3434.343,12.332,254.735,951.142,-238.969,-3370.597,22.506,2.103,-6.173,-88.816
5.000,4.000,2.010,-3.000,nan,4.077,14.970,0.804,0.000,0.000,0.000,4.011,1.087,3.691,3.672,51.974,261.496,-48.058,-230.187,0.493,-213.425,-3438.712,9.313,254.735,951.142,-238.969,-3370.597,22.157,2.103,-6.173,-89.062
5.000,4.000,2.010,-2.000,nan,3.877,15.555,0.781,0.000,0.000,0.000,3.814,1.050,3.632,4.012,51.938,261.601,-48.058,-230.187,0.465,-212.333,-3441.917,6.240,254.735,951.142,-238.969,-3370.597,22.069,2.103,-6.173,-89.008
5.000,4.000,2.010,-1.000,nan,3.679,16.139,0.765,0.000,0.000,0.000,3.616,1.019,3.547,4.387,51.909,261.688,-48.058,-230.187,0.485,-211.626,-3443.992,3.130,254.735,951.142,-238.969,-3370.597,22.106,2.103,-6.173,-88.432
5.000,4.000,2.010,0.000,nan,3.480,16.721,0.754,0.000,0.000,0.000,3.419,0.995,3.435,4.804,51.885,261.758,-48.058,-230.187,0.506,-211.195,-3445.259,0.000,254.735,951.142,-238.969,-3370.597,22.578,2.103,-6.173,-87.789
5.000,4.000,2.010,1.000,nan,3.282,17.302,0.750,0.000,0.000,0.000,3.222,0.977,3.296,5.272,51.866,261.814,-48.058,-230.187,0.523,-210.864,-3446.230,-3.142,254.735,951.142,-238.969,-3370.597,23.402,2.103,-6.173,-87.670
5.000,4.000,2.010,2.000,nan,3.084,17.883,0.752,0.000,0.000,0.000,3.024,0.966,3.132,5.798,51.850,261.860,-48.058,-230.187,0.566,-210.759,-3446.535,-6.290,254.735,951.142,-238.969,-3370.597,24.006,2.103,-6.173,-87.444
5.000,4.000,2.010,3.000,nan,2.887,18.463,0.761,0.000,0.000,0.000,2.827,0.960,2.944,6.395,51.837,261.897,-48.058,-230.187,0.546,-211.454,-3444.497,-9.407,254.735,951.142,-238.969,-3370.597,23.805,2.103,-6.173,-87.604
5.000,4.000,2.010,4.000,nan,2.690,19.041,0.775,0.000,0.000,0.000,2.629,0.961,2.735,7.080,51.828,261.925,-48.058,-230.187,0.503,-213.255,-3439.211,-12.437,254.735,951.142,-238.969,-3370.597,23.014,2.103,-6.173,-87.773
5.000,4.000,2.010,5.000,nan,2.493,19.620,0.796,0.000,0.000,0.000,2.431,0.968,2.511,7.871,51.822,261.943,-48.058,-230.187,0.495,-215.506,-3432.604,-15.382,254.735,951.142,-238.969,-3370.597,22.266,2.103,-6.173,-88.249
5.000,4.000,2.010,6.000,nan,2.296,20.197,0.823,0.000,0.000,0.000,2.233,0.982,2.275,8.797,51.820,261.947,-48.058,-230.187,0.474,-217.447,-3426.909,-18.295,254.735,951.142,-238.969,-3370.597,22.043,2.103,-6.173,-89.032
5.000,4.000,2.010,7.000,nan,2.099,20.774,0.857,0.000,0.000,0.000,2.034,1.001,2.032,9.896,51.824,261.936,-48.058,-230.187,0.492,-218.990,-3422.378,-21.201,254.735,951.142,-238.969,-3370.597,21.983,2.103,-6.173,-89.358
5.000,4.000,2.010,8.000,nan,1.903,21.351,0.897,0.000,0.000,0.000,1.836,1.027,1.787,11.221,51.834,261.906,-48.058,-230.187,0.487,-220.353,-3418.379,-24.093,254.735,951.142,-238.969,-3370.597,22.223,2.103,-6.173,-89.223
5.000,4.000,2.010,9.000,nan,1.706,21.928,0.943,0.000,0.000,0.000,1.636,1.059,1.544,12.853,51.851,261.856,-48.058,-230.187,0.505,-221.609,-3414.693,-26.972,254.735,951.142,-238.969,-3370.597,22.456,2.103,-6.173,-88.970
5.000,4.000,2.010,10.000,nan,1.509,22.506,0.995,0.000,0.000,0.000,1.436,1.098,1.308,14.912,51.875,261.787,-48.058,-230.187,0.507,-222.699,-3411.494,-29.854,254.735,951.142,-238.969,-3370.598,22.705,2.103,-6.173,-88.443
5.000,4.000,2.010,11.000,nan,1.312,23.084,1.055,0.000,0.000,0.000,1.235,1.144,1.080,17.592,51.900,261.713,-48.058,-230.187,0.510,-223.590,-3408.878,-32.754,254.735,951.142,-238.969,-3370.598,22.851,2.103,-6.173,-88.090
5.000,4.000,2.010,12.000,nan,1.115,23.663,1.121,0.000,0.000,0.000,1.034,1.196,0.865,21.223,51.927,261.633,-48.058,-230.187,0.511,-224.302,-3406.790,-35.679,254.735,951.142,-238.969,-3370.598,22.926,2.103,-6.173,-87.690
5.000,4.000,2.010,13.000,nan,0.917,24.243,1.193,0.000,0.000,0.000,0.832,1.254,0.663,26.424,51.964,261.523,-48.058,-230.187,0.515,-224.842,-3405.205,-38.640,254.735,951.142,-238.969,-3370.598,23.013,2.103,-6.173,-87.512
5.000,4.000,2.010,14.000,nan,0.719,24.824,1.273,0.000,0.000,0.000,0.629,1.320,0.476,34.513,52.014,261.377,-48.058,-230.187,0.518,-225.195,-3404.167,-41.650,254.735,951.142,-238.969,-3370.598,23.099,2.103,-6.173,-87.400
5.000,4.000,2.010,15.000,nan,0.521,25.407,1.360,0.000,0.000,0.000,0.425,1.393,0.305,48.800,52.054,261.261,-48.058,-230.187,0.521,-225.371,-3403.650,-44.718,254.735,951.142,-238.969,-3370.598,23.076,2.103,-6.173,-87.243
5.000,4.000,2.010,16.000,nan,0.323,25.988,1.454,0.000,0.000,0.000,0.220,1.473,0.150,80.542,52.066,261.224,-48.058,-230.187,0.513,-225.430,-3403.479,-47.840,254.735,951.142,-238.969,-3370.598,23.033,2.103,-6.173,-87.034
5.000,4.000,2.010,17.000,nan,0.126,26.567,1.554,0.000,0.000,0.000,0.017,1.559,0.011,211.682,52.099,261.128,-48.058,-230.187,0.516,-225.387,-3403.603,-51.019,254.735,951.142,-238.969,-3370.598,23.020,2.103,-6.173,-87.211
5.000,4.000,2.010,18.000,nan,-0.074,27.153,1.663,0.000,0.000,0.000,-0.190,1.654,-0.115,-365.341,52.244,260.703,-48.058,-230.187,0.519,-225.078,-3404.511,-54.312,254.735,951.142,-238.969,-3370.598,23.148,2.103,-6.173,-88.067
5.000,4.000,2.010,19.000,nan,-0.280,27.756,1.781,0.000,0.000,0.000,-0.403,1.758,-0.229,-99.267,52.425,260.170,-48.058,-230.187,0.526,-224.367,-3406.599,-57.778,254.735,951.142,-238.969,-3370.598,22.984,2.103,-6.173,-89.356
5.000,4.000,2.010,20.000,nan,-0.481,28.346,1.906,0.000,0.000,0.000,-0.612,1.868,-0.328,-58.974,52.255,260.669,-48.058,-230.187,0.496,-223.742,-3408.433,-61.280,254.735,951.142,-238.969,-3370.598,22.216,2.103,-6.173,-90.733
5.000,4.000,2.510,-20.000,nan,5.912,6.207,1.731,0.000,0.000,0.000,5.777,2.139,2.700,1.050,45.857,232.929,-41.804,-200.968,0.352,-234.257,-2856.566,36.781,259.536,977.155,-238.992,-2806.946,14.209,1.347,-3.955,-107.782
5.000,4.000,2.510,-19.000,nan,5.791,6.562,1.634,0.000,0.000,0.000,5.663,2.034,2.785,1.133,45.916,232.756,-41.804,-200.968,0.357,-232.497,-2861.731,35.354,259.536,977.155,-238.992,-2806.946,14.366,1.347,-3.955,-107.402
5.000,4.000,2.510,-18.000,nan,5.667,6.928,1.540,0.000,0.000,0.000,5.545,1.931,2.871,1.223,45.972,232.592,-41.804,-200.968,0.360,-230.547,-2867.456,33.945,259.536,977.155,-238.992,-2806.946,14.513,1.347,-3.955,-107.029
5.000,4.000,2.510,-17.000,nan,5.538,7.304,1.450,0.000,0.000,0.000,5.424,1.833,2.959,1.319,46.025,232.436,-41.804,-200.968,0.364,-228.538,-2873.355,32.506,259.536,977.155,-238.992,-2806.946,14.675,1.347,-3.955,-106.673
5.000,4.000,2.510,-16.000,nan,5.407,7.690,1.365,0.000,0.000,0.000,5.298,1.739,3.048,1.422,46.079,232.278,-41.804,-200.968,0.369,-226.598,-2879.049,31.000,259.536,977.155,-238.992,-2806.946,14.835,1.347,-3.955,-106.341
5.000,4.000,2.510,-15.000,nan,5.272,8.087,1.283,0.000,0.000,0.000,5.169,1.648,3.137,1.534,46.133,232.119,-41.804,-200.968,0.372,-224.796,-2884.339,29.413,259.536,977.155,-238.992,-2806.946,14.968,1.347,-3.955,-106.057
5.000,4.000,2.510,-14.000,nan,5.134,8.492,1.207,0.000,0.000,0.000,5.037,1.562,3.225,1.654,46.167,232.018,-41.804,-200.968,0.375,-223.120,-2889.257,27.753,259.536,977.155,-238.992,-2806.946,15.069,1.347,-3.955,-105.789
5.000,4.000,2.510,-13.000,nan,4.994,8.903,1.134,0.000,0.000,0.000,4.902,1.480,3.313,1.783,46.169,232.013,-41.804,-200.968,0.376,-221.577,-2893.785,26.026,259.536,977.155,-238.992,-2806.946,15.147,1.347,-3.955,-105.456
5.000,4.000,2.510,-12.000,nan,4.852,9.319,1.067,0.000,0.000,0.000,4.766,1.403,3.398,1.921,46.187,231.961,-41.804,-200.968,0.379,-220.127,-2898.043,24.246,259.536,977.155,-238.992,-2806.946,15.276,1.347,-3.955,-105.047
5.000,4.000,2.510,-11.000,nan,4.706,9.747,1.004,0.000,0.000,0.000,4.625,1.329,3.479,2.071,46.301,231.624,-41.804,-200.968,0.386,-218.598,-2902.530,22.446,259.536,977.155,-238.992,-2806.946,15.533,1.347,-3.955,-104.680
5.000,4.000,2.510,-10.000,nan,4.554,10.194,0.944,0.000,0.000,0.000,4.477,1.260,3.554,2.239,46.471,231.125,-41.804,-200.968,0.394,-216.882,-2907.567,20.640,259.536,977.155,-238.992,-2806.946,15.775,1.347,-3.955,-104.415
5.000,4.000,2.510,-9.000,nan,4.398,10.652,0.890,0.000,0.000,0.000,4.325,1.194,3.621,2.422,46.518,230.988,-41.804,-200.968,0.395,-215.139,-2912.683,18.794,259.536,977.155,-238.992,-2806.946,15.828,1.347,-3.955,-104.271
5.000,4.000,2.510,-8.000,nan,4.242,11.108,0.841,0.000,0.000,0.000,4.173,1.135,3.679,2.618,46.426,231.260,-41.804,-200.968,0.390,-213.617,-2917.151,16.874,259.536,977.155,-238.992,-2806.946,15.715,1.347,-3.955,-104.319
5.000,4.000,2.510,-7.000,nan,4.089,11.558,0.797,0.000,0.000,0.000,4.024,1.080,3.725,2.826,46.325,231.555,-41.804,-200.968,0.387,-212.408,-2920.698,14.879,259.536,977.155,-238.992,-2806.946,15.582,1.347,-3.955,-104.547
5.000,4.000,2.510,-6.000,nan,3.937,12.004,0.758,0.000,0.000,0.000,3.875,1.031,3.757,3.049,46.266,231.728,-41.804,-200.968,0.386,-211.468,-2923.458,12.827,259.536,977.155,-238.992,-2806.946,15.466,1.347,-3.955,-104.806
5.000,4.000,2.510,-5.000,nan,3.786,12.449,0.725,0.000,0.000,0.000,3.726,0.987,3.774,3.289,46.224,231.851,-41.804,-200.968,0.382,-210.745,-2925.580,10.736,259.536,977.155,-238.992,-2806.946,15.384,1.347,-3.955,-105.111
5.000,4.000,2.510,-4.000,nan,3.635,12.892,0.697,0.000,0.000,0.000,3.577,0.948,3.772,3.547,46.176,231.991,-41.804,-200.968,0.381,-210.229,-2927.096,8.614,259.536,977.155,-238.992,-2806.946,15.294,1.347,-3.955,-105.371
5.000,4.000,2.510,-3.000,nan,3.485,13.333,0.673,0.000,0.000,0.000,3.429,0.915,3.750,3.826,46.127,232.137,-41.804,-200.968,0.369,-209.907,-2928.041,6.471,259.536,977.155,-238.992,-2806.946,15.116,1.347,-3.955,-105.516
5.000,4.000,2.510,-2.000,nan,3.335,13.771,0.654,0.000,0.000,0.000,3.281,0.886,3.706,4.129,46.085,232.260,-41.804,-200.968,0.372,-209.753,-2928.491,4.317,259.536,977.155,-238.992,-2806.946,15.018,1.347,-3.955,-105.672
5.000,4.000,2.510,-1.000,nan,3.186,14.208,0.641,0.000,0.000,0.000,3.134,0.861,3.638,4.459,46.050,232.361,-41.804,-200.968,0.377,-209.747,-2928.511,2.158,259.536,977.155,-238.992,-2806.946,15.085,1.347,-3.955,-105.653
5.000,4.000,2.510,0.000,nan,3.038,14.643,0.632,0.000,0.000,0.000,2.987,0.842,3.547,4.820,46.022,232.445,-41.804,-200.968,0.369,-209.873,-2928.141,0.000,259.536,977.155,-238.992,-2806.946,15.156,1.347,-3.955,-105.283
5.000,4.000,2.510,1.000,nan,2.890,15.077,0.627,0.000,0.000,0.000,2.840,0.827,3.432,5.216,45.998,232.514,-41.804,-200.968,0.382,-210.121,-2927.413,-2.152,259.536,977.155,-238.992,-2806.946,15.382,1.347,-3.955,-104.806
5.000,4.000,2.510,2.000,nan,2.743,15.510,0.628,0.000,0.000,0.000,2.692,0.818,3.293,5.654,45.980,232.568,-41.804,-200.968,0.396,-210.485,-2926.345,-4.293,259.536,977.155,-238.992,-2806.946,15.870,1.347,-3.955,-104.615
5.000,4.000,2.510,3.000,nan,2.596,15.941,0.633,0.000,0.000,0.000,2.545,0.812,3.133,6.141,45.967,232.607,-41.804,-200.968,0.403,-210.945,-2924.992,-6.421,259.536,977.155,-238.992,-2806.946,15.999,1.347,-3.955,-104.604
5.000,4.000,2.510,4.000,nan,2.449,16.373,0.643,0.000,0.000,0.000,2.398,0.812,2.953,6.686,45.958,232.632,-41.804,-200.968,0.389,-211.450,-2923.512,-8.535,259.536,977.155,-238.992,-2806.946,15.675,1.347,-3.955,-104.733
5.000,4.000,2.510,5.000,nan,2.302,16.803,0.657,0.000,0.000,0.000,2.251,0.816,2.757,7.299,45.955,232.642,-41.804,-200.968,0.376,-211.956,-2922.025,-10.638,259.536,977.155,-238.992,-2806.946,15.240,1.347,-3.955,-105.124
5.000,4.000,2.510,6.000,nan,2.155,17.234,0.677,0.000,0.000,0.000,2.103,0.825,2.548,7.995,45.956,232.637,-41.804,-200.968,0.378,-212.556,-2920.265,-12.722,259.536,977.155,-238.992,-2806.946,15.059,1.347,-3.955,-105.674
5.000,4.000,2.510,7.000,nan,2.009,17.664,0.701,0.000,0.000,0.000,1.955,0.839,2.329,8.793,45.963,232.618,-41.804,-200.968,0.373,-213.385,-2917.832,-14.768,259.536,977.155,-238.992,-2806.946,15.019,1.347,-3.955,-105.853
5.000,4.000,2.510,8.000,nan,1.862,18.094,0.730,0.000,0.000,0.000,1.807,0.858,2.106,9.716,45.975,232.583,-41.804,-200.968,0.369,-214.384,-2914.899,-16.775,259.536,977.155,-238.992,-2806.946,14.965,1.347,-3.955,-105.778
5.000,4.000,2.510,9.000,nan,1.716,18.525,0.764,0.000,0.000,0.000,1.658,0.881,1.881,10.798,45.994,232.527,-41.804,-200.968,0.378,-215.318,-2912.157,-18.768,259.536,977.155,-238.992,-2806.946,15.077,1.347,-3.955,-105.693
5.000,4.000,2.510,10.000,nan,1.569,18.956,0.802,0.000,0.000,0.000,1.509,0.910,1.658,12.085,46.021,232.448,-41.804,-200.968,0.379,-216.041,-2910.036,-20.777,259.536,977.155,-238.992,-2806.946,15.235,1.347,-3.955,-105.519
5.000,4.000,2.510,11.000,nan,1.421,19.389,0.846,0.000,0.000,0.000,1.359,0.943,1.441,13.641,46.047,232.369,-41.804,-200.968,0.379,-216.595,-2908.410,-22.805,259.536,977.155,-238.992,-2806.946,15.281,1.347,-3.955,-105.239
5.000,4.000,2.510,12.000,nan,1.274,19.821,0.895,0.000,0.000,0.000,1.209,0.982,1.231,15.557,46.068,232.309,-41.804,-200.968,0.382,-217.042,-2907.097,-24.850,259.536,977.155,-238.992,-2806.946,15.353,1.347,-3.955,-105.031
5.000,4.000,2.510,13.000,nan,1.127,20.253,0.949,0.000,0.000,0.000,1.058,1.025,1.032,17.974,46.098,232.220,-41.804,-200.968,0.384,-217.382,-2906.101,-26.918,259.536,977.155,-238.992,-2806.946,15.458,1.347,-3.955,-104.816
5.000,4.000,2.510,14.000,nan,0.979,20.688,1.008,0.000,0.000,0.000,0.906,1.074,0.843,21.142,46.167,232.017,-41.804,-200.968,0.388,-217.553,-2905.598,-29.031,259.536,977.155,-238.992,-2806.946,15.579,1.347,-3.955,-104.707
5.000,4.000,2.510,15.000,nan,0.829,21.128,1.073,0.000,0.000,0.000,0.752,1.128,0.666,25.497,46.249,231.777,-41.804,-200.968,0.390,-217.526,-2905.677,-31.206,259.536,977.155,-238.992,-2806.946,15.626,1.347,-3.955,-104.821
5.000,4.000,2.510,16.000,nan,0.680,21.564,1.143,0.000,0.000,0.000,0.599,1.188,0.504,31.703,46.208,231.899,-41.804,-200.968,0.386,-217.459,-2905.872,-33.413,259.536,977.155,-238.992,-2806.946,15.470,1.347,-3.955,-105.074
5.000,4.000,2.510,17.000,nan,0.537,21.983,1.217,0.000,0.000,0.000,0.451,1.252,0.360,40.900,46.032,232.415,-41.804,-200.968,0.377,-217.579,-2905.522,-35.592,259.536,977.155,-238.992,-2806.946,15.188,1.347,-3.955,-105.426
5.000,4.000,2.510,18.000,nan,0.401,22.383,1.295,0.000,0.000,0.000,0.310,1.320,0.235,55.797,45.882,232.855,-41.804,-200.968,0.371,-217.919,-2904.524,-37.724,259.536,977.155,-238.992,-2806.946,14.965,1.347,-3.955,-105.863
5.000,4.000,2.510,19.000,nan,0.268,22.773,1.376,0.000,0.000,0.000,0.172,1.392,0.123,84.837,45.829,233.011,-41.804,-200.968,0.369,-218.343,-2903.278,-39.842,259.536,977.155,-238.992,-2806.946,14.853,1.347,-3.955,-106.271
5.000,4.000,2.510,20.000,nan,0.138,23.157,1.463,0.000,0.000,0.000,0.035,1.469,0.024,168.195,45.812,233.061,-41.804,-200.968,0.366,-218.775,-2902.012,-41.971,259.536,977.155,-238.992,-2806.946,14.761,1.347,-3.955,-106.585
5.000,4.000,3.010,-20.000,nan,5.284,6.123,1.527,0.000,0.000,0.000,5.164,1.892,2.730,1.159,42.961,215.941,-37.969,-185.685,0.238,-203.256,-2655.013,34.346,264.891,1006.167,-224.221,-2468.413,12.282,0.966,-2.836,-106.085
5.000,4.000,3.010,-19.000,nan,5.172,6.452,1.438,0.000,0.000,0.000,5.059,1.795,2.818,1.248,42.970,215.914,-37.969,-185.685,0.240,-201.759,-2659.408,32.973,264.891,1006.167,-224.221,-2468.413,12.399,0.966,-2.836,-105.780
5.000,4.000,3.010,-18.000,nan,5.056,6.792,1.353,0.000,0.000,0.000,4.949,1.703,2.907,1.343,43.059,215.653,-37.969,-185.685,0.245,-200.274,-2663.767,31.564,264.891,1006.167,-224.221,-2468.413,12.621,0.966,-2.836,-105.294
5.000,4.000,3.010,-17.000,nan,4.934,7.151,1.271,0.000,0.000,0.000,4.833,1.612,2.998,1.449,43.250,215.093,-37.969,-185.685,0.252,-198.688,-2668.421,30.152,264.891,1006.167,-224.221,-2468.413,12.953,0.966,-2.836,-104.714
5.000,4.000,3.010,-16.000,nan,4.804,7.531,1.192,0.000,0.000,0.000,4.709,1.524,3.090,1.568,43.438,214.541,-37.969,-185.685,0.260,-196.991,-2673.402,28.733,264.891,1006.167,-224.221,-2468.413,13.275,0.966,-2.836,-104.185
5.000,4.000,3.010,-15.000,nan,4.670,7.925,1.116,0.000,0.000,0.000,4.580,1.439,3.183,1.697,43.548,214.219,-37.969,-185.685,0.263,-195.278,-2678.431,27.277,264.891,1006.167,-224.221,-2468.413,13.444,0.966,-2.836,-103.858
5.000,4.000,3.010,-14.000,nan,4.532,8.328,1.045,0.000,0.000,0.000,4.449,1.359,3.274,1.837,43.572,214.147,-37.969,-185.685,0.263,-193.649,-2683.213,25.760,264.891,1006.167,-224.221,-2468.413,13.445,0.966,-2.836,-103.850
5.000,4.000,3.010,-13.000,nan,4.395,8.730,0.979,0.000,0.000,0.000,4.316,1.283,3.364,1.986,43.501,214.356,-37.969,-185.685,0.260,-192.220,-2687.409,24.160,264.891,1006.167,-224.221,-2468.413,13.309,0.966,-2.836,-104.082
5.000,4.000,3.010,-12.000,nan,4.261,9.126,0.918,0.000,0.000,0.000,4.186,1.213,3.450,2.142,43.355,214.784,-37.969,-185.685,0.255,-191.089,-2690.728,22.468,264.891,1006.167,-224.221,-2468.413,13.107,0.966,-2.836,-104.478
5.000,4.000,3.010,-11.000,nan,4.128,9.514,0.863,0.000,0.000,0.000,4.058,1.149,3.532,2.304,43.228,215.156,-37.969,-185.685,0.251,-190.245,-2693.204,20.699,264.891,1006.167,-224.221,-2468.413,12.877,0.966,-2.836,-104.910
5.000,4.000,3.010,-10.000,nan,3.998,9.897,0.813,0.000,0.000,0.000,3.931,1.090,3.608,2.476,43.133,215.435,-37.969,-185.685,0.246,-189.644,-2694.971,18.876,264.891,1006.167,-224.221,-2468.413,12.675,0.966,-2.836,-105.288
5.000,4.000,3.010,-9.000,nan,3.869,10.276,0.767,0.000,0.000,0.000,3.806,1.035,3.677,2.656,43.047,215.689,-37.969,-185.685,0.243,-189.265,-2696.083,17.011,264.891,1006.167,-224.221,-2468.413,12.539,0.966,-2.836,-105.650
5.000,4.000,3.010,-8.000,nan,3.741,10.651,0.726,0.000,0.000,0.000,3.681,0.985,3.737,2.847,42.959,215.948,-37.969,-185.685,0.241,-189.111,-2696.534,15.115,264.891,1006.167,-224.221,-2468.413,12.397,0.966,-2.836,-105.951
5.000,4.000,3.010,-7.000,nan,3.615,11.022,0.689,0.000,0.000,0.000,3.558,0.940,3.786,3.049,42.874,216.198,-37.969,-185.685,0.236,-189.178,-2696.338,13.197,264.891,1006.167,-224.221,-2468.413,12.242,0.966,-2.836,-106.208
5.000,4.000,3.010,-6.000,nan,3.490,11.388,0.657,0.000,0.000,0.000,3.436,0.899,3.822,3.263,42.796,216.424,-37.969,-185.685,0.235,-189.439,-2695.571,11.271,264.891,1006.167,-224.221,-2468.413,12.140,0.966,-2.836,-106.443
5.000,4.000,3.010,-5.000,nan,3.366,11.751,0.629,0.000,0.000,0.000,3.314,0.862,3.843,3.490,42.727,216.627,-37.969,-185.685,0.234,-189.859,-2694.337,9.348,264.891,1006.167,-224.221,-2468.413,12.079,0.966,-2.836,-106.663
5.000,4.000,3.010,-4.000,nan,3.244,12.110,0.605,0.000,0.000,0.000,3.194,0.830,3.847,3.733,42.667,216.803,-37.969,-185.685,0.230,-190.403,-2692.743,7.436,264.891,1006.167,-224.221,-2468.413,11.968,0.966,-2.836,-106.803
5.000,4.000,3.010,-3.000,nan,3.123,12.467,0.586,0.000,0.000,0.000,3.074,0.802,3.832,3.992,42.615,216.955,-37.969,-185.685,0.230,-191.033,-2690.894,5.542,264.891,1006.167,-224.221,-2468.413,11.897,0.966,-2.836,-106.896
5.000,4.000,3.010,-2.000,nan,3.002,12.821,0.570,0.000,0.000,0.000,2.955,0.778,3.798,4.271,42.570,217.089,-37.969,-185.686,0.231,-191.770,-2688.730,3.669,264.891,1006.167,-224.221,-2468.413,11.932,0.966,-2.836,-107.004
5.000,4.000,3.010,-1.000,nan,2.882,13.173,0.558,0.000,0.000,0.000,2.836,0.758,3.742,4.571,42.530,217.206,-37.969,-185.686,0.232,-192.745,-2685.868,1.818,264.891,1006.167,-224.221,-2468.413,11.897,0.966,-2.836,-106.996
5.000,4.000,3.010,0.000,nan,2.763,13.523,0.550,0.000,0.000,0.000,2.718,0.742,3.664,4.895,42.497,217.304,-37.969,-185.686,0.228,-194.064,-2681.997,0.000,264.891,1006.167,-224.221,-2468.413,11.888,0.966,-2.836,-106.887
5.000,4.000,3.010,1.000,nan,2.644,13.871,0.546,0.000,0.000,0.000,2.599,0.730,3.563,5.246,42.470,217.382,-37.969,-185.686,0.233,-195.653,-2677.331,-1.771,264.891,1006.167,-224.221,-2468.413,12.037,0.966,-2.836,-106.675
5.000,4.000,3.010,2.000,nan,2.526,14.219,0.546,0.000,0.000,0.000,2.481,0.721,3.441,5.630,42.450,217.442,-37.969,-185.686,0.238,-197.386,-2672.245,-3.486,264.891,1006.167,-224.221,-2468.413,12.281,0.966,-2.836,-106.398
5.000,4.000,3.010,3.000,nan,2.408,14.565,0.550,0.000,0.000,0.000,2.363,0.717,3.298,6.049,42.435,217.483,-37.969,-185.686,0.243,-199.123,-2667.145,-5.147,264.891,1006.167,-224.221,-2468.413,12.414,0.966,-2.836,-106.294
5.000,4.000,3.010,4.000,nan,2.290,14.911,0.557,0.000,0.000,0.000,2.245,0.716,3.137,6.511,42.427,217.507,-37.969,-185.686,0.238,-200.721,-2662.454,-6.764,264.891,1006.167,-224.221,-2468.413,12.304,0.966,-2.836,-106.423
5.000,4.000,3.010,5.000,nan,2.172,15.256,0.569,0.000,0.000,0.000,2.127,0.719,2.959,7.023,42.425,217.513,-37.969,-185.686,0.233,-202.113,-2658.370,-8.349,264.891,1006.167,-224.221,-2468.413,12.048,0.966,-2.836,-106.726
5.000,4.000,3.010,6.000,nan,2.055,15.601,0.584,0.000,0.000,0.000,2.009,0.726,2.768,7.593,42.429,217.501,-37.969,-185.686,0.228,-203.331,-2654.793,-9.911,264.891,1006.167,-224.221,-2468.413,11.858,0.966,-2.836,-106.965
5.000,4.000,3.010,7.000,nan,1.937,15.947,0.603,0.000,0.000,0.000,1.890,0.737,2.566,8.232,42.440,217.470,-37.969,-185.686,0.231,-204.406,-2651.639,-11.455,264.891,1006.167,-224.221,-2468.413,11.841,0.966,-2.836,-107.101
5.000,4.000,3.010,8.000,nan,1.819,16.292,0.626,0.000,0.000,0.000,1.771,0.751,2.357,8.956,42.457,217.420,-37.969,-185.686,0.230,-205.332,-2648.921,-12.990,264.891,1006.167,-224.221,-2468.413,11.876,0.966,-2.836,-107.136
5.000,4.000,3.010,9.000,nan,1.701,16.639,0.653,0.000,0.000,0.000,1.651,0.770,2.145,9.781,42.480,217.353,-37.969,-185.686,0.229,-206.101,-2646.663,-14.526,264.891,1006.167,-224.221,-2468.413,11.828,0.966,-2.836,-107.056
5.000,4.000,3.010,10.000,nan,1.583,16.987,0.684,0.000,0.000,0.000,1.531,0.793,1.931,10.733,42.508,217.270,-37.969,-185.686,0.228,-206.714,-2644.863,-16.071,264.891,1006.167,-224.221,-2468.413,11.867,0.966,-2.836,-106.991
5.000,4.000,3.010,11.000,nan,1.464,17.336,0.719,0.000,0.000,0.000,1.410,0.819,1.721,11.844,42.543,217.168,-37.969,-185.686,0.232,-207.176,-2643.507,-17.633,264.891,1006.167,-224.221,-2468.413,11.958,0.966,-2.836,-106.881
5.000,4.000,3.010,12.000,nan,1.344,17.687,0.759,0.000,0.000,0.000,1.288,0.850,1.515,13.158,42.586,217.042,-37.969,-185.686,0.233,-207.488,-2642.592,-19.220,264.891,1006.167,-224.221,-2468.413,12.016,0.966,-2.836,-106.694
5.000,4.000,3.010,13.000,nan,1.224,18.040,0.802,0.000,0.000,0.000,1.165,0.886,1.315,14.738,42.637,216.892,-37.969,-185.686,0.234,-207.651,-2642.112,-20.841,264.891,1006.167,-224.221,-2468.413,12.090,0.966,-2.836,-106.490
5.000,4.000,3.010,14.000,nan,1.103,18.395,0.850,0.000,0.000,0.000,1.041,0.925,1.125,16.679,42.696,216.720,-37.969,-185.686,0.238,-207.668,-2642.063,-22.503,264.891,1006.167,-224.221,-2468.413,12.226,0.966,-2.836,-106.266
5.000,4.000,3.010,15.000,nan,0.981,18.753,0.903,0.000,0.000,0.000,0.915,0.969,0.944,19.121,42.761,216.527,-37.969,-185.686,0.240,-207.537,-2642.448,-24.216,264.891,1006.167,-224.221,-2468.413,12.359,0.966,-2.836,-106.003
5.000,4.000,3.010,16.000,nan,0.858,19.115,0.961,0.000,0.000,0.000,0.789,1.018,0.774,22.285,42.828,216.332,-37.969,-185.686,0.242,-207.265,-2643.247,-25.988,264.891,1006.167,-224.221,-2468.413,12.466,0.966,-2.836,-105.678
5.000,4.000,3.010,17.000,nan,0.734,19.478,1.023,0.000,0.000,0.000,0.661,1.072,0.616,26.542,42.892,216.143,-37.969,-185.686,0.247,-206.864,-2644.423,-27.823,264.891,1006.167,-224.221,-2468.413,12.644,0.966,-2.836,-105.342
5.000,4.000,3.010,18.000,nan,0.609,19.845,1.091,0.000,0.000,0.000,0.531,1.130,0.470,32.587,42.970,215.913,-37.969,-185.686,0.250,-206.332,-2645.984,-29.730,264.891,1006.167,-224.221,-2468.413,12.855,0.966,-2.836,-104.954
5.000,4.000,3.010,19.000,nan,0.482,20.216,1.163,0.000,0.000,0.000,0.400,1.194,0.335,41.909,43.080,215.590,-37.969,-185.686,0.254,-205.637,-2648.023,-31.729,264.891,1006.167,-224.221,-2468.413,13.038,0.966,-2.836,-104.600
5.000,4.000,3.010,20.000,nan,0.354,20.594,1.242,0.000,0.000,0.000,0.266,1.263,0.211,58.204,43.192,215.263,-37.969,-185.686,0.257,-204.773,-2650.561,-33.832,264.891,1006.167,-224.221,-2468.413,13.168,0.966,-2.836,-104.407
5.000,4.000,3.510,-20.000,nan,4.396,2.760,1.403,0.000,0.000,0.000,4.287,1.706,2.513,0.628,34.219,152.936,-28.610,-131.119,0.101,-96.557,-1980.360,29.514,268.465,1025.531,-128.042,-1653.288,7.513,0.536,-1.574,-83.193
5.000,4.000,3.510,-19.000,nan,4.275,3.114,1.314,0.000,0.000,0.000,4.173,1.609,2.594,0.728,34.470,152.200,-28.610,-131.119,0.097,-95.426,-1983.680,28.287,268.465,1025.531,-128.042,-1653.288,7.716,0.536,-1.574,-83.211
5.000,4.000,3.510,-18.000,nan,4.147,3.489,1.228,0.000,0.000,0.000,4.052,1.514,2.676,0.841,34.755,151.362,-28.610,-131.119,0.094,-94.088,-1987.606,27.102,268.465,1025.531,-128.042,-1653.288,7.949,0.536,-1.574,-83.225
5.000,4.000,3.510,-17.000,nan,4.016,3.875,1.146,0.000,0.000,0.000,3.926,1.423,2.759,0.965,34.837,151.123,-28.610,-131.119,0.091,-92.723,-1991.614,25.893,268.465,1025.531,-128.042,-1653.288,8.055,0.536,-1.574,-83.237
5.000,4.000,3.510,-16.000,nan,3.886,4.255,1.069,0.000,0.000,0.000,3.802,1.338,2.842,1.095,34.636,151.714,-28.610,-131.119,0.095,-91.617,-1994.862,24.584,268.465,1025.531,-128.042,-1653.288,7.849,0.536,-1.574,-83.219
5.000,4.000,3.510,-15.000,nan,3.761,4.624,0.999,0.000,0.000,0.000,3.682,1.259,2.924,1.230,34.374,152.481,-28.610,-131.119,0.098,-90.854,-1997.101,23.164,268.465,1025.531,-128.042,-1653.288,7.681,0.536,-1.574,-83.205
5.000,4.000,3.510,-14.000,nan,3.637,4.988,0.934,0.000,0.000,0.000,3.563,1.185,3.006,1.372,34.238,152.879,-28.610,-131.119,0.100,-90.311,-1998.693,21.682,268.465,1025.531,-128.042,-1653.288,7.598,0.536,-1.574,-83.199
5.000,4.000,3.510,-13.000,nan,3.513,5.351,0.873,0.000,0.000,0.000,3.444,1.116,3.085,1.523,34.165,153.095,-28.610,-131.119,0.101,-89.915,-1999.857,20.163,268.465,1025.531,-128.042,-1653.288,7.513,0.536,-1.574,-83.192
5.000,4.000,3.510,-12.000,nan,3.391,5.710,0.818,0.000,0.000,0.000,3.325,1.052,3.161,1.684,34.030,153.491,-28.610,-131.119,0.104,-89.711,-2000.454,18.604,268.465,1025.531,-128.042,-1653.288,7.347,0.536,-1.574,-83.181
5.000,4.000,3.510,-11.000,nan,3.271,6.061,0.767,0.000,0.000,0.000,3.210,0.993,3.232,1.853,33.840,154.048,-28.610,-131.119,0.108,-89.752,-2000.334,17.006,268.465,1025.531,-128.042,-1653.288,7.113,0.536,-1.574,-83.160
5.000,4.000,3.510,-10.000,nan,3.154,6.405,0.721,0.000,0.000,0.000,3.096,0.939,3.298,2.031,33.664,154.565,-28.610,-131.119,0.110,-90.019,-1999.551,15.382,268.465,1025.531,-128.042,-1653.288,7.005,0.536,-1.574,-83.151
5.000,4.000,3.510,-9.000,nan,3.039,6.742,0.679,0.000,0.000,0.000,2.985,0.889,3.356,2.218,33.516,155.001,-28.610,-131.119,0.112,-90.482,-1998.193,13.748,268.465,1025.531,-128.042,-1653.288,6.912,0.536,-1.574,-83.143
5.000,4.000,3.510,-8.000,nan,2.926,7.073,0.641,0.000,0.000,0.000,2.875,0.844,3.406,2.417,33.378,155.405,-28.610,-131.119,0.116,-91.171,-1996.171,12.108,268.465,1025.531,-128.042,-1653.288,6.725,0.536,-1.574,-83.125
5.000,4.000,3.510,-7.000,nan,2.816,7.398,0.608,0.000,0.000,0.000,2.766,0.803,3.446,2.628,33.243,155.801,-28.610,-131.119,0.117,-92.152,-1993.289,10.465,268.465,1025.531,-128.042,-1653.288,6.614,0.536,-1.574,-83.120
5.000,4.000,3.510,-6.000,nan,2.707,7.718,0.578,0.000,0.000,0.000,2.660,0.766,3.473,2.851,33.114,156.179,-28.610,-131.119,0.118,-93.490,-1989.363,8.826,268.465,1025.531,-128.042,-1653.288,6.561,0.536,-1.574,-83.115
5.000,4.000,3.510,-5.000,nan,2.600,8.032,0.553,0.000,0.000,0.000,2.555,0.733,3.486,3.090,32.995,156.529,-28.610,-131.119,0.119,-95.242,-1984.219,7.203,268.465,1025.531,-128.042,-1653.288,6.510,0.536,-1.574,-83.111
5.000,4.000,3.510,-4.000,nan,2.494,8.341,0.531,0.000,0.000,0.000,2.451,0.704,3.484,3.344,32.888,156.845,-28.610,-131.119,0.121,-97.359,-1978.004,5.618,268.465,1025.531,-128.042,-1653.288,6.411,0.536,-1.574,-83.101
5.000,4.000,3.510,-3.000,nan,2.390,8.647,0.513,0.000,0.000,0.000,2.349,0.678,3.464,3.617,32.798,157.108,-28.610,-131.119,0.121,-99.545,-1971.589,4.103,268.465,1025.531,-128.042,-1653.288,6.387,0.536,-1.574,-83.100
5.000,4.000,3.510,-2.000,nan,2.288,8.948,0.498,0.000,0.000,0.000,2.247,0.656,3.426,3.912,32.725,157.322,-28.610,-131.119,0.121,-101.528,-1965.769,2.669,268.465,1025.531,-128.042,-1653.288,6.389,0.536,-1.574,-83.100
5.000,4.000,3.510,-1.000,nan,2.186,9.248,0.486,0.000,0.000,0.000,2.146,0.637,3.368,4.231,32.662,157.507,-28.610,-131.119,0.121,-103.341,-1960.446,1.304,268.465,1025.531,-128.042,-1653.288,6.395,0.536,-1.574,-83.100
5.000,4.000,3.510,0.000,nan,2.085,9.544,0.478,0.000,0.000,0.000,2.046,0.622,3.289,4.578,32.605,157.672,-28.610,-131.119,0.123,-105.106,-1955.266,0.000,268.465,1025.531,-128.042,-1653.288,6.351,0.536,-1.574,-83.094
5.000,4.000,3.510,1.000,nan,1.984,9.838,0.473,0.000,0.000,0.000,1.947,0.610,3.189,4.958,32.557,157.813,-28.610,-131.119,0.121,-106.822,-1950.228,-1.247,268.465,1025.531,-128.042,-1653.288,6.382,0.536,-1.574,-83.098
5.000,4.000,3.510,2.000,nan,1.885,10.130,0.471,0.000,0.000,0.000,1.847,0.602,3.070,5.374,32.518,157.928,-28.610,-131.119,0.120,-108.409,-1945.569,-2.443,268.465,1025.531,-128.042,-1653.288,6.448,0.536,-1.574,-83.103
5.000,4.000,3.510,3.000,nan,1.786,10.421,0.473,0.000,0.000,0.000,1.749,0.596,2.932,5.835,32.489,158.015,-28.610,-131.119,0.119,-109.826,-1941.410,-3.596,268.465,1025.531,-128.042,-1653.288,6.519,0.536,-1.574,-83.108
5.000,4.000,3.510,4.000,nan,1.687,10.710,0.478,0.000,0.000,0.000,1.650,0.594,2.776,6.348,32.469,158.071,-28.610,-131.119,0.118,-111.088,-1937.706,-4.715,268.465,1025.531,-128.042,-1653.288,6.570,0.536,-1.574,-83.113
5.000,4.000,3.510,5.000,nan,1.589,10.999,0.486,0.000,0.000,0.000,1.551,0.596,2.605,6.922,32.461,158.097,-28.610,-131.119,0.119,-112.209,-1934.414,-5.807,268.465,1025.531,-128.042,-1653.288,6.510,0.536,-1.574,-83.107
5.000,4.000,3.510,6.000,nan,1.491,11.288,0.497,0.000,0.000,0.000,1.452,0.600,2.421,7.572,32.462,158.094,-28.610,-131.119,0.121,-113.186,-1931.546,-6.880,268.465,1025.531,-128.042,-1653.288,6.430,0.536,-1.574,-83.101
5.000,4.000,3.510,7.000,nan,1.392,11.576,0.512,0.000,0.000,0.000,1.353,0.608,2.227,8.314,32.473,158.060,-28.610,-131.119,0.122,-114.013,-1929.118,-7.942,268.465,1025.531,-128.042,-1653.288,6.356,0.536,-1.574,-83.096
5.000,4.000,3.510,8.000,nan,1.294,11.865,0.530,0.000,0.000,0.000,1.254,0.619,2.027,9.171,32.494,158.000,-28.610,-131.119,0.123,-114.690,-1927.133,-9.001,268.465,1025.531,-128.042,-1653.288,6.317,0.536,-1.574,-83.091
5.000,4.000,3.510,9.000,nan,1.195,12.155,0.551,0.000,0.000,0.000,1.154,0.633,1.823,10.171,32.523,157.915,-28.610,-131.119,0.122,-115.217,-1925.584,-10.065,268.465,1025.531,-128.042,-1653.288,6.352,0.536,-1.574,-83.096
5.000,4.000,3.510,10.000,nan,1.096,12.446,0.575,0.000,0.000,0.000,1.053,0.651,1.619,11.358,32.559,157.808,-28.610,-131.119,0.122,-115.604,-1924.449,-11.141,268.465,1025.531,-128.042,-1653.288,6.338,0.536,-1.574,-83.096
5.000,4.000,3.510,11.000,nan,0.996,12.739,0.604,0.000,0.000,0.000,0.952,0.672,1.417,12.787,32.603,157.681,-28.610,-131.119,0.123,-115.862,-1923.691,-12.235,268.465,1025.531,-128.042,-1653.288,6.327,0.536,-1.574,-83.095
5.000,4.000,3.510,12.000,nan,0.896,13.033,0.635,0.000,0.000,0.000,0.849,0.696,1.220,14.546,32.656,157.525,-28.610,-131.119,0.123,-115.998,-1923.293,-13.352,268.465,1025.531,-128.042,-1653.288,6.341,0.536,-1.574,-83.095
5.000,4.000,3.510,13.000,nan,0.795,13.330,0.671,0.000,0.000,0.000,0.746,0.725,1.030,16.769,32.725,157.320,-28.610,-131.119,0.121,-116.003,-1923.277,-14.501,268.465,1025.531,-128.042,-1653.288,6.430,0.536,-1.574,-83.104
5.000,4.000,3.510,14.000,nan,0.693,13.630,0.710,0.000,0.000,0.000,0.642,0.757,0.848,19.676,32.811,157.068,-28.610,-131.119,0.120,-115.870,-1923.669,-15.692,268.465,1025.531,-128.042,-1653.288,6.470,0.536,-1.574,-83.108
5.000,4.000,3.510,15.000,nan,0.589,13.934,0.753,0.000,0.000,0.000,0.535,0.793,0.675,23.645,32.907,156.786,-28.610,-131.119,0.119,-115.596,-1924.471,-16.932,268.465,1025.531,-128.042,-1653.288,6.513,0.536,-1.574,-83.111
5.000,4.000,3.510,16.000,nan,0.484,14.241,0.801,0.000,0.000,0.000,0.427,0.833,0.513,29.396,33.012,156.479,-28.610,-131.119,0.118,-115.185,-1925.679,-18.231,268.465,1025.531,-128.042,-1653.288,6.612,0.536,-1.574,-83.116
5.000,4.000,3.510,17.000,nan,0.378,14.553,0.853,0.000,0.000,0.000,0.318,0.877,0.362,38.470,33.120,156.161,-28.610,-131.119,0.114,-114.641,-1927.275,-19.594,268.465,1025.531,-128.042,-1653.288,6.782,0.536,-1.574,-83.133
5.000,4.000,3.510,18.000,nan,0.271,14.868,0.909,0.000,0.000,0.000,0.207,0.926,0.223,54.908,33.231,155.837,-28.610,-131.119,0.113,-113.975,-1929.230,-21.028,268.465,1025.531,-128.042,-1653.288,6.862,0.536,-1.574,-83.140
5.000,4.000,3.510,19.000,nan,0.162,15.188,0.970,0.000,0.000,0.000,0.094,0.979,0.096,93.861,33.353,155.476,-28.610,-131.119,0.111,-113.187,-1931.545,-22.539,268.465,1025.531,-128.042,-1653.288,6.956,0.536,-1.574,-83.147
5.000,4.000,3.510,20.000,nan,0.051,15.514,1.036,0.000,0.000,0.000,-0.021,1.037,-0.021,304.535,33.502,155.040,-28.610,-131.119,0.107,-112.261,-1934.263,-24.141,268.465,1025.531,-128.042,-1653.288,7.170,0.536,-1.574,-83.167
5.000,4.000,4.010,-20.000,nan,4.040,2.977,1.262,0.000,0.000,0.000,3.942,1.541,2.558,0.737,33.855,145.484,-26.404,-124.479,0.040,-77.358,-1920.776,30.589,271.630,1042.679,-123.022,-1537.121,8.161,0.511,-1.499,-79.467
5.000,4.000,4.010,-19.000,nan,3.914,3.349,1.176,0.000,0.000,0.000,3.822,1.446,2.643,0.856,33.747,145.800,-26.404,-124.479,0.037,-76.244,-1924.047,29.301,271.630,1042.679,-123.022,-1537.121,8.206,0.511,-1.499,-79.487
5.000,4.000,4.010,-18.000,nan,3.790,3.711,1.095,0.000,0.000,0.000,3.705,1.357,2.730,0.979,33.504,146.513,-26.404,-124.479,0.043,-75.460,-1926.348,27.891,271.630,1042.679,-123.022,-1537.121,8.010,0.511,-1.499,-79.428
5.000,4.000,4.010,-17.000,nan,3.670,4.063,1.021,0.000,0.000,0.000,3.590,1.275,2.817,1.107,33.254,147.247,-26.404,-124.479,0.048,-75.000,-1927.698,26.376,271.630,1042.679,-123.022,-1537.121,7.810,0.511,-1.499,-79.377
5.000,4.000,4.010,-16.000,nan,3.553,4.407,0.952,0.000,0.000,0.000,3.478,1.198,2.904,1.240,33.051,147.842,-26.404,-124.479,0.053,-74.779,-1928.347,24.799,271.630,1042.679,-123.022,-1537.121,7.633,0.511,-1.499,-79.331
5.000,4.000,4.010,-15.000,nan,3.438,4.745,0.888,0.000,0.000,0.000,3.368,1.126,2.992,1.380,32.895,148.300,-26.404,-124.479,0.056,-74.709,-1928.551,23.191,271.630,1042.679,-123.022,-1537.121,7.515,0.511,-1.499,-79.301
5.000,4.000,4.010,-14.000,nan,3.324,5.080,0.829,0.000,0.000,0.000,3.258,1.059,3.078,1.528,32.785,148.624,-26.404,-124.479,0.058,-74.706,-1928.560,21.580,271.630,1042.679,-123.022,-1537.121,7.430,0.511,-1.499,-79.280
5.000,4.000,4.010,-13.000,nan,3.211,5.413,0.774,0.000,0.000,0.000,3.149,0.996,3.162,1.686,32.692,148.897,-26.404,-124.479,0.065,-74.767,-1928.381,19.969,271.630,1042.679,-123.022,-1537.121,7.220,0.511,-1.499,-79.216
5.000,4.000,4.010,-12.000,nan,3.099,5.741,0.724,0.000,0.000,0.000,3.041,0.938,3.242,1.853,32.554,149.302,-26.404,-124.479,0.067,-75.032,-1927.605,18.332,271.630,1042.679,-123.022,-1537.121,7.062,0.511,-1.499,-79.189
5.000,4.000,4.010,-11.000,nan,2.990,6.061,0.678,0.000,0.000,0.000,2.935,0.885,3.318,2.027,32.373,149.832,-26.404,-124.479,0.070,-75.650,-1925.789,16.650,271.630,1042.679,-123.022,-1537.121,6.942,0.511,-1.499,-79.156
5.000,4.000,4.010,-10.000,nan,2.884,6.373,0.636,0.000,0.000,0.000,2.832,0.836,3.389,2.210,32.189,150.372,-26.404,-124.479,0.073,-76.736,-1922.602,14.923,271.630,1042.679,-123.022,-1537.121,6.802,0.511,-1.499,-79.124
5.000,4.000,4.010,-9.000,nan,2.780,6.677,0.599,0.000,0.000,0.000,2.732,0.791,3.452,2.402,32.013,150.890,-26.404,-124.479,0.079,-78.365,-1917.819,13.160,271.630,1042.679,-123.022,-1537.121,6.626,0.511,-1.499,-79.074
5.000,4.000,4.010,-8.000,nan,2.679,6.973,0.565,0.000,0.000,0.000,2.633,0.751,3.506,2.603,31.850,151.368,-26.404,-124.479,0.081,-80.441,-1911.726,11.401,271.630,1042.679,-123.022,-1537.121,6.539,0.511,-1.499,-79.051
5.000,4.000,4.010,-7.000,nan,2.581,7.262,0.536,0.000,0.000,0.000,2.537,0.715,3.550,2.814,31.705,151.793,-26.404,-124.479,0.083,-82.790,-1904.830,9.688,271.630,1042.679,-123.022,-1537.121,6.465,0.511,-1.499,-79.031
5.000,4.000,4.010,-6.000,nan,2.484,7.545,0.510,0.000,0.000,0.000,2.443,0.682,3.582,3.037,31.572,152.183,-26.404,-124.479,0.084,-85.243,-1897.630,8.049,271.630,1042.679,-123.022,-1537.121,6.384,0.511,-1.499,-79.011
5.000,4.000,4.010,-5.000,nan,2.390,7.822,0.487,0.000,0.000,0.000,2.350,0.653,3.600,3.273,31.444,152.559,-26.404,-124.479,0.088,-87.636,-1890.607,6.502,271.630,1042.679,-123.022,-1537.121,6.263,0.511,-1.499,-78.975
5.000,4.000,4.010,-4.000,nan,2.297,8.094,0.468,0.000,0.000,0.000,2.259,0.627,3.603,3.523,31.325,152.908,-26.404,-124.479,0.089,-89.870,-1884.049,5.049,271.630,1042.679,-123.022,-1537.121,6.212,0.511,-1.499,-78.963
5.000,4.000,4.010,-3.000,nan,2.207,8.360,0.452,0.000,0.000,0.000,2.170,0.605,3.589,3.789,31.227,153.196,-26.404,-124.479,0.090,-91.961,-1877.909,3.680,271.630,1042.679,-123.022,-1537.121,6.187,0.511,-1.499,-78.956
5.000,4.000,4.010,-2.000,nan,2.117,8.623,0.439,0.000,0.000,0.000,2.081,0.585,3.556,4.073,31.150,153.421,-26.404,-124.479,0.090,-93.940,-1872.101,2.387,271.630,1042.679,-123.022,-1537.121,6.173,0.511,-1.499,-78.951
5.000,4.000,4.010,-1.000,nan,2.028,8.883,0.429,0.000,0.000,0.000,1.994,0.569,3.504,4.379,31.085,153.614,-26.404,-124.479,0.090,-95.842,-1866.518,1.162,271.630,1042.679,-123.022,-1537.121,6.144,0.511,-1.499,-78.945
5.000,4.000,4.010,0.000,nan,1.941,9.140,0.421,0.000,0.000,0.000,1.907,0.556,3.431,4.709,31.026,153.786,-26.404,-124.479,0.091,-97.702,-1861.058,0.000,271.630,1042.679,-123.022,-1537.121,6.124,0.511,-1.499,-78.937
5.000,4.000,4.010,1.000,nan,1.854,9.394,0.417,0.000,0.000,0.000,1.821,0.545,3.338,5.066,30.976,153.935,-26.404,-124.479,0.091,-99.494,-1855.797,-1.101,271.630,1042.679,-123.022,-1537.121,6.145,0.511,-1.499,-78.941
5.000,4.000,4.010,2.000,nan,1.768,9.646,0.416,0.000,0.000,0.000,1.735,0.538,3.225,5.455,30.934,154.058,-26.404,-124.479,0.090,-101.159,-1850.910,-2.148,271.630,1042.679,-123.022,-1537.121,6.173,0.511,-1.499,-78.946
5.000,4.000,4.010,3.000,nan,1.683,9.897,0.417,0.000,0.000,0.000,1.650,0.533,3.094,5.880,30.902,154.152,-26.404,-124.479,0.089,-102.661,-1846.500,-3.149,271.630,1042.679,-123.022,-1537.121,6.207,0.511,-1.499,-78.954
5.000,4.000,4.010,4.000,nan,1.598,10.146,0.421,0.000,0.000,0.000,1.565,0.532,2.944,6.348,30.882,154.210,-26.404,-124.479,0.088,-103.995,-1842.586,-4.114,271.630,1042.679,-123.022,-1537.121,6.235,0.511,-1.499,-78.963
5.000,4.000,4.010,5.000,nan,1.514,10.394,0.428,0.000,0.000,0.000,1.480,0.533,2.779,6.867,30.874,154.233,-26.404,-124.479,0.089,-105.158,-1839.171,-5.051,271.630,1042.679,-123.022,-1537.121,6.203,0.511,-1.499,-78.952
5.000,4.000,4.010,6.000,nan,1.429,10.643,0.438,0.000,0.000,0.000,1.395,0.536,2.601,7.448,30.878,154.221,-26.404,-124.479,0.090,-106.157,-1836.239,-5.969,271.630,1042.679,-123.022,-1537.121,6.160,0.511,-1.499,-78.942
5.000,4.000,4.010,7.000,nan,1.344,10.892,0.450,0.000,0.000,0.000,1.310,0.543,2.412,8.103,30.894,154.174,-26.404,-124.479,0.091,-106.997,-1833.774,-6.875,271.630,1042.679,-123.022,-1537.121,6.124,0.511,-1.499,-78.935
5.000,4.000,4.010,8.000,nan,1.259,11.141,0.466,0.000,0.000,0.000,1.224,0.552,2.215,8.849,30.919,154.099,-26.404,-124.479,0.092,-107.676,-1831.779,-7.779,271.630,1042.679,-123.022,-1537.121,6.094,0.511,-1.499,-78.929
5.000,4.000,4.010,9.000,nan,1.174,11.392,0.484,0.000,0.000,0.000,1.137,0.565,2.013,9.707,30.953,154.000,-26.404,-124.479,0.091,-108.194,-1830.259,-8.689,271.630,1042.679,-123.022,-1537.121,6.101,0.511,-1.499,-78.933
5.000,4.000,4.010,10.000,nan,1.088,11.645,0.506,0.000,0.000,0.000,1.050,0.580,1.809,10.708,30.995,153.879,-26.404,-124.479,0.091,-108.558,-1829.191,-9.613,271.630,1042.679,-123.022,-1537.121,6.123,0.511,-1.499,-78.938
5.000,4.000,4.010,11.000,nan,1.001,11.899,0.530,0.000,0.000,0.000,0.961,0.599,1.606,11.889,31.043,153.737,-26.404,-124.479,0.091,-108.784,-1828.525,-10.555,271.630,1042.679,-123.022,-1537.121,6.129,0.511,-1.499,-78.940
5.000,4.000,4.010,12.000,nan,0.914,12.156,0.558,0.000,0.000,0.000,0.872,0.620,1.407,13.307,31.102,153.565,-26.404,-124.479,0.091,-108.882,-1828.239,-11.522,271.630,1042.679,-123.022,-1537.121,6.144,0.511,-1.499,-78.946
5.000,4.000,4.010,13.000,nan,0.825,12.416,0.589,0.000,0.000,0.000,0.782,0.645,1.213,15.049,31.181,153.332,-26.404,-124.479,0.090,-108.838,-1828.367,-12.525,271.630,1042.679,-123.022,-1537.121,6.178,0.511,-1.499,-78.955
5.000,4.000,4.010,14.000,nan,0.735,12.680,0.623,0.000,0.000,0.000,0.690,0.673,1.025,17.249,31.280,153.041,-26.404,-124.479,0.086,-108.643,-1828.941,-13.572,271.630,1042.679,-123.022,-1537.121,6.286,0.511,-1.499,-78.988
5.000,4.000,4.010,15.000,nan,0.644,12.948,0.662,0.000,0.000,0.000,0.596,0.705,0.845,20.118,31.386,152.730,-26.404,-124.479,0.085,-108.296,-1829.959,-14.674,271.630,1042.679,-123.022,-1537.121,6.361,0.511,-1.499,-79.004
5.000,4.000,4.010,16.000,nan,0.551,13.221,0.704,0.000,0.000,0.000,0.500,0.740,0.676,24.013,31.496,152.406,-26.404,-124.479,0.083,-107.804,-1831.404,-15.837,271.630,1042.679,-123.022,-1537.121,6.424,0.511,-1.499,-79.021
5.000,4.000,4.010,17.000,nan,0.456,13.499,0.750,0.000,0.000,0.000,0.402,0.780,0.516,29.613,31.618,152.049,-26.404,-124.479,0.082,-107.168,-1833.272,-17.069,271.630,1042.679,-123.022,-1537.121,6.495,0.511,-1.499,-79.041
5.000,4.000,4.010,18.000,nan,0.359,13.783,0.800,0.000,0.000,0.000,0.303,0.823,0.368,38.375,31.755,151.645,-26.404,-124.479,0.077,-106.384,-1835.570,-18.381,271.630,1042.679,-123.022,-1537.121,6.649,0.511,-1.499,-79.087
5.000,4.000,4.010,19.000,nan,0.260,14.073,0.855,0.000,0.000,0.000,0.200,0.871,0.230,54.050,31.905,151.206,-26.404,-124.479,0.074,-105.455,-1838.298,-19.782,271.630,1042.679,-123.022,-1537.121,6.781,0.511,-1.499,-79.115
5.000,4.000,4.010,20.000,nan,0.159,14.369,0.914,0.000,0.000,0.000,0.095,0.923,0.103,90.142,32.060,150.750,-26.404,-124.479,0.071,-104.387,-1841.435,-21.279,271.630,1042.679,-123.022,-1537.121,6.886,0.511,-1.499,-79.144
5.000,4.000,4.510,-20.000,nan,4.058,5.101,1.133,0.000,0.000,0.000,3.969,1.413,2.808,1.257,37.077,173.319,-28.386,-143.365,0.034,-102.483,-2184.729,35.208,274.492,1058.186,-159.418,-1733.375,11.842,0.676,-1.983,-86.693
5.000,4.000,4.510,-19.000,nan,3.937,5.455,1.053,0.000,0.000,0.000,3.854,1.325,2.909,1.386,36.874,173.914,-28.386,-143.365,0.036,-101.851,-2186.584,33.515,274.492,1058.186,-159.418,-1733.375,11.516,0.676,-1.983,-87.012
5.000,4.000,4.510,-18.000,nan,3.821,5.797,0.979,0.000,0.000,0.000,3.743,1.243,3.012,1.517,36.637,174.609,-28.386,-143.365,0.040,-101.539,-2187.499,31.722,274.492,1058.186,-159.418,-1733.375,11.164,0.676,-1.983,-87.359
5.000,4.000,4.510,-17.000,nan,3.707,6.130,0.910,0.000,0.000,0.000,3.635,1.166,3.116,1.653,36.452,175.153,-28.386,-143.365,0.041,-101.490,-2187.642,29.863,274.492,1058.186,-159.418,-1733.375,10.899,0.676,-1.983,-87.609
5.000,4.000,4.510,-16.000,nan,3.596,6.456,0.846,0.000,0.000,0.000,3.528,1.095,3.222,1.795,36.310,175.569,-28.386,-143.365,0.043,-101.663,-2187.134,27.961,274.492,1058.186,-159.418,-1733.375,10.701,0.676,-1.983,-87.801
5.000,4.000,4.510,-15.000,nan,3.487,6.775,0.788,0.000,0.000,0.000,3.424,1.029,3.327,1.943,36.165,175.994,-28.386,-143.365,0.046,-102.075,-2185.924,26.023,274.492,1058.186,-159.418,-1733.375,10.360,0.676,-1.983,-88.125
5.000,4.000,4.510,-14.000,nan,3.381,7.087,0.734,0.000,0.000,0.000,3.322,0.968,3.432,2.096,36.014,176.438,-28.386,-143.365,0.048,-102.756,-2183.926,24.053,274.492,1058.186,-159.418,-1733.375,10.051,0.676,-1.983,-88.412
5.000,4.000,4.510,-13.000,nan,3.277,7.393,0.684,0.000,0.000,0.000,3.221,0.911,3.534,2.256,35.889,176.805,-28.386,-143.365,0.049,-103.701,-2181.150,22.065,274.492,1058.186,-159.418,-1733.375,9.944,0.676,-1.983,-88.520
5.000,4.000,4.510,-12.000,nan,3.174,7.695,0.639,0.000,0.000,0.000,3.122,0.859,3.634,2.424,35.801,177.063,-28.386,-143.365,0.049,-104.885,-2177.677,20.075,274.492,1058.186,-159.418,-1733.375,9.852,0.676,-1.983,-88.609
5.000,4.000,4.510,-11.000,nan,3.073,7.993,0.598,0.000,0.000,0.000,3.023,0.811,3.730,2.601,35.701,177.356,-28.386,-143.365,0.050,-106.324,-2173.452,18.092,274.492,1058.186,-159.418,-1733.375,9.701,0.676,-1.983,-88.763
5.000,4.000,4.510,-10.000,nan,2.974,8.283,0.560,0.000,0.000,0.000,2.928,0.767,3.819,2.785,35.544,177.817,-28.386,-143.365,0.052,-108.099,-2168.241,16.114,274.492,1058.186,-159.418,-1733.375,9.506,0.676,-1.983,-88.960
5.000,4.000,4.510,-9.000,nan,2.879,8.561,0.527,0.000,0.000,0.000,2.835,0.727,3.901,2.974,35.358,178.365,-28.386,-143.365,0.053,-110.270,-2161.869,14.147,274.492,1058.186,-159.418,-1733.375,9.324,0.676,-1.983,-89.147
5.000,4.000,4.510,-8.000,nan,2.787,8.831,0.498,0.000,0.000,0.000,2.746,0.691,3.974,3.168,35.200,178.827,-28.386,-143.365,0.054,-112.809,-2154.414,12.214,274.492,1058.186,-159.418,-1733.375,9.173,0.676,-1.983,-89.300
5.000,4.000,4.510,-7.000,nan,2.698,9.092,0.472,0.000,0.000,0.000,2.659,0.659,4.035,3.370,35.073,179.201,-28.386,-143.365,0.056,-115.600,-2146.223,10.345,274.492,1058.186,-159.418,-1733.375,8.995,0.676,-1.983,-89.474
5.000,4.000,4.510,-6.000,nan,2.611,9.347,0.449,0.000,0.000,0.000,2.574,0.630,4.084,3.580,34.956,179.544,-28.386,-143.365,0.057,-118.511,-2137.677,8.564,274.492,1058.186,-159.418,-1733.375,8.839,0.676,-1.983,-89.625
5.000,4.000,4.510,-5.000,nan,2.527,9.595,0.430,0.000,0.000,0.000,2.491,0.605,4.118,3.798,34.845,179.869,-28.386,-143.365,0.058,-121.420,-2129.138,6.887,274.492,1058.186,-159.418,-1733.375,8.755,0.676,-1.983,-89.714
5.000,4.000,4.510,-4.000,nan,2.444,9.838,0.413,0.000,0.000,0.000,2.409,0.582,4.137,4.025,34.746,180.159,-28.386,-143.365,0.058,-124.198,-2120.983,5.319,274.492,1058.186,-159.418,-1733.375,8.684,0.676,-1.983,-89.790
5.000,4.000,4.510,-3.000,nan,2.363,10.075,0.399,0.000,0.000,0.000,2.330,0.563,4.137,4.263,34.662,180.406,-28.386,-143.365,0.059,-126.777,-2113.411,3.858,274.492,1058.186,-159.418,-1733.375,8.627,0.676,-1.983,-89.851
5.000,4.000,4.510,-2.000,nan,2.284,10.308,0.388,0.000,0.000,0.000,2.251,0.547,4.118,4.513,34.591,180.616,-28.386,-143.365,0.059,-129.202,-2106.295,2.490,274.492,1058.186,-159.418,-1733.375,8.573,0.676,-1.983,-89.909
5.000,4.000,4.510,-1.000,nan,2.206,10.537,0.380,0.000,0.000,0.000,2.174,0.533,4.079,4.777,34.530,180.795,-28.386,-143.365,0.059,-131.515,-2099.504,1.206,274.492,1058.186,-159.418,-1733.375,8.534,0.676,-1.983,-89.950
5.000,4.000,4.510,0.000,nan,2.129,10.763,0.374,0.000,0.000,0.000,2.098,0.522,4.019,5.056,34.479,180.945,-28.386,-143.365,0.059,-133.707,-2093.070,0.000,274.492,1058.186,-159.418,-1733.375,8.520,0.676,-1.983,-89.970
5.000,4.000,4.510,1.000,nan,2.053,10.986,0.371,0.000,0.000,0.000,2.022,0.513,3.938,5.352,34.436,181.070,-28.386,-143.365,0.059,-135.759,-2087.045,-1.136,274.492,1058.186,-159.418,-1733.375,8.514,0.676,-1.983,-89.981
5.000,4.000,4.510,2.000,nan,1.978,11.207,0.370,0.000,0.000,0.000,1.947,0.508,3.836,5.667,34.402,181.169,-28.386,-143.365,0.059,-137.690,-2081.377,-2.208,274.492,1058.186,-159.418,-1733.375,8.520,0.676,-1.983,-89.980
5.000,4.000,4.510,3.000,nan,1.903,11.427,0.372,0.000,0.000,0.000,1.872,0.504,3.714,6.005,34.380,181.236,-28.386,-143.365,0.059,-139.533,-2075.968,-3.222,274.492,1058.186,-159.418,-1733.375,8.537,0.676,-1.983,-89.966
5.000,4.000,4.510,4.000,nan,1.828,11.645,0.377,0.000,0.000,0.000,1.798,0.503,3.573,6.369,34.369,181.267,-28.386,-143.365,0.059,-141.265,-2070.883,-4.184,274.492,1058.186,-159.418,-1733.375,8.534,0.676,-1.983,-89.970
5.000,4.000,4.510,5.000,nan,1.754,11.864,0.383,0.000,0.000,0.000,1.723,0.505,3.414,6.764,34.371,181.262,-28.386,-143.365,0.059,-142.805,-2066.362,-5.106,274.492,1058.186,-159.418,-1733.375,8.508,0.676,-1.983,-89.992
5.000,4.000,4.510,6.000,nan,1.679,12.083,0.392,0.000,0.000,0.000,1.648,0.509,3.239,7.195,34.384,181.222,-28.386,-143.365,0.059,-144.100,-2062.563,-6.005,274.492,1058.186,-159.418,-1733.375,8.492,0.676,-1.983,-90.003
5.000,4.000,4.510,7.000,nan,1.604,12.303,0.404,0.000,0.000,0.000,1.572,0.515,3.052,7.669,34.408,181.151,-28.386,-143.365,0.059,-145.167,-2059.428,-6.891,274.492,1058.186,-159.418,-1733.375,8.488,0.676,-1.983,-90.001
5.000,4.000,4.510,8.000,nan,1.529,12.525,0.419,0.000,0.000,0.000,1.496,0.524,2.853,8.194,34.441,181.056,-28.386,-143.365,0.059,-146.037,-2056.876,-7.771,274.492,1058.186,-159.418,-1733.375,8.493,0.676,-1.983,-89.991
5.000,4.000,4.510,9.000,nan,1.452,12.749,0.436,0.000,0.000,0.000,1.418,0.536,2.646,8.778,34.481,180.937,-28.386,-143.365,0.059,-146.713,-2054.890,-8.655,274.492,1058.186,-159.418,-1733.375,8.520,0.676,-1.983,-89.960
5.000,4.000,4.510,10.000,nan,1.375,12.976,0.456,0.000,0.000,0.000,1.340,0.550,2.434,9.436,34.532,180.789,-28.386,-143.365,0.059,-147.195,-2053.475,-9.555,274.492,1058.186,-159.418,-1733.375,8.563,0.676,-1.983,-89.913
5.000,4.000,4.510,11.000,nan,1.297,13.206,0.478,0.000,0.000,0.000,1.260,0.568,2.220,10.183,34.592,180.612,-28.386,-143.365,0.059,-147.485,-2052.624,-10.480,274.492,1058.186,-159.418,-1733.375,8.609,0.676,-1.983,-89.862
5.000,4.000,4.510,12.000,nan,1.217,13.439,0.504,0.000,0.000,0.000,1.179,0.588,2.005,11.041,34.665,180.397,-28.386,-143.365,0.058,-147.587,-2052.326,-11.439,274.492,1058.186,-159.418,-1733.375,8.669,0.676,-1.983,-89.797
5.000,4.000,4.510,13.000,nan,1.136,13.678,0.533,0.000,0.000,0.000,1.096,0.611,1.793,12.041,34.752,180.142,-28.386,-143.365,0.058,-147.500,-2052.580,-12.444,274.492,1058.186,-159.418,-1733.375,8.740,0.676,-1.983,-89.720
5.000,4.000,4.510,14.000,nan,1.053,13.922,0.566,0.000,0.000,0.000,1.011,0.638,1.585,13.222,34.848,179.859,-28.386,-143.365,0.057,-147.227,-2053.382,-13.503,274.492,1058.186,-159.418,-1733.375,8.877,0.676,-1.983,-89.585
5.000,4.000,4.510,15.000,nan,0.968,14.171,0.601,0.000,0.000,0.000,0.924,0.668,1.384,14.639,34.950,179.560,-28.386,-143.365,0.055,-146.774,-2054.713,-14.628,274.492,1058.186,-159.418,-1733.375,9.040,0.676,-1.983,-89.424
5.000,4.000,4.510,16.000,nan,0.881,14.426,0.641,0.000,0.000,0.000,0.834,0.701,1.190,16.374,35.065,179.225,-28.386,-143.365,0.054,-146.139,-2056.577,-15.827,274.492,1058.186,-159.418,-1733.375,9.176,0.676,-1.983,-89.287
5.000,4.000,4.510,17.000,nan,0.791,14.689,0.685,0.000,0.000,0.000,0.742,0.738,1.005,18.561,35.209,178.800,-28.386,-143.365,0.053,-145.300,-2059.040,-17.119,274.492,1058.186,-159.418,-1733.375,9.341,0.676,-1.983,-89.117
5.000,4.000,4.510,18.000,nan,0.699,14.962,0.733,0.000,0.000,0.000,0.646,0.780,0.828,21.419,35.375,178.312,-28.386,-143.365,0.052,-144.242,-2062.145,-18.520,274.492,1058.186,-159.418,-1733.375,9.518,0.676,-1.983,-88.938
5.000,4.000,4.510,19.000,nan,0.603,15.241,0.785,0.000,0.000,0.000,0.547,0.826,0.663,25.261,35.501,177.944,-28.386,-143.365,0.050,-143.019,-2065.735,-20.027,274.492,1058.186,-159.418,-1733.375,9.657,0.676,-1.983,-88.798
5.000,4.000,4.510,20.000,nan,0.507,15.524,0.842,0.000,0.000,0.000,0.447,0.875,0.511,30.609,35.573,177.733,-28.386,-143.365,0.050,-141.712,-2069.571,-21.622,274.492,1058.186,-159.418,-1733.375,9.737,0.676,-1.983,-88.723
5.000,4.000,5.010,-20.000,nan,3.764,4.357,1.061,0.000,0.000,0.000,3.681,1.321,2.786,1.158,36.044,168.651,-26.847,-137.416,0.084,-77.720,-2086.580,34.855,279.697,1086.390,-148.791,-1597.683,11.422,0.596,-1.749,-82.567
5.000,4.000,5.010,-19.000,nan,3.647,4.701,0.983,0.000,0.000,0.000,3.569,1.235,2.889,1.289,35.908,169.050,-26.847,-137.416,0.088,-77.269,-2087.902,33.122,279.697,1086.390,-148.791,-1597.683,11.143,0.596,-1.749,-82.749
5.000,4.000,5.010,-18.000,nan,3.532,5.040,0.911,0.000,0.000,0.000,3.459,1.155,2.995,1.427,35.765,169.472,-26.847,-137.416,0.090,-76.963,-2088.800,31.350,279.697,1086.390,-148.791,-1597.683,10.865,0.596,-1.749,-82.912
5.000,4.000,5.010,-17.000,nan,3.419,5.371,0.844,0.000,0.000,0.000,3.352,1.081,3.102,1.571,35.600,169.955,-26.847,-137.416,0.092,-76.827,-2089.200,29.539,279.697,1086.390,-148.791,-1597.683,10.637,0.596,-1.749,-83.061
5.000,4.000,5.010,-16.000,nan,3.309,5.693,0.782,0.000,0.000,0.000,3.247,1.011,3.210,1.720,35.415,170.499,-26.847,-137.416,0.095,-76.972,-2088.776,27.665,279.697,1086.390,-148.791,-1597.683,10.265,0.596,-1.749,-83.296
5.000,4.000,5.010,-15.000,nan,3.203,6.005,0.726,0.000,0.000,0.000,3.144,0.948,3.318,1.875,35.225,171.056,-26.847,-137.416,0.101,-77.506,-2087.208,25.715,279.697,1086.390,-148.791,-1597.683,9.866,0.596,-1.749,-83.559
5.000,4.000,5.010,-14.000,nan,3.100,6.307,0.674,0.000,0.000,0.000,3.045,0.889,3.426,2.035,35.037,171.609,-26.847,-137.416,0.102,-78.530,-2084.202,23.684,279.697,1086.390,-148.791,-1597.683,9.656,0.596,-1.749,-83.675
5.000,4.000,5.010,-13.000,nan,3.000,6.600,0.627,0.000,0.000,0.000,2.949,0.835,3.532,2.200,34.877,172.078,-26.847,-137.416,0.104,-80.109,-2079.567,21.582,279.697,1086.390,-148.791,-1597.683,9.524,0.596,-1.749,-83.761
5.000,4.000,5.010,-12.000,nan,2.902,6.888,0.584,0.000,0.000,0.000,2.854,0.785,3.636,2.374,34.766,172.404,-26.847,-137.416,0.104,-82.155,-2073.559,19.454,279.697,1086.390,-148.791,-1597.683,9.440,0.596,-1.749,-83.812
5.000,4.000,5.010,-11.000,nan,2.805,7.172,0.545,0.000,0.000,0.000,2.760,0.739,3.735,2.557,34.672,172.680,-26.847,-137.416,0.105,-84.521,-2066.614,17.351,279.697,1086.390,-148.791,-1597.683,9.347,0.596,-1.749,-83.877
5.000,4.000,5.010,-10.000,nan,2.711,7.449,0.509,0.000,0.000,0.000,2.669,0.697,3.828,2.748,34.541,173.064,-26.847,-137.416,0.107,-87.120,-2058.985,15.302,279.697,1086.390,-148.791,-1597.683,9.202,0.596,-1.749,-83.979
5.000,4.000,5.010,-9.000,nan,2.619,7.717,0.478,0.000,0.000,0.000,2.580,0.659,3.913,2.946,34.377,173.545,-26.847,-137.416,0.109,-89.867,-2050.920,13.329,279.697,1086.390,-148.791,-1597.683,9.025,0.596,-1.749,-84.099
5.000,4.000,5.010,-8.000,nan,2.532,7.975,0.450,0.000,0.000,0.000,2.494,0.625,3.988,3.150,34.206,174.048,-26.847,-137.417,0.111,-92.675,-2042.678,11.450,279.697,1086.390,-148.791,-1597.683,8.805,0.596,-1.749,-84.240
5.000,4.000,5.010,-7.000,nan,2.447,8.223,0.425,0.000,0.000,0.000,2.412,0.595,4.053,3.360,34.033,174.554,-26.847,-137.417,0.114,-95.525,-2034.314,9.669,279.697,1086.390,-148.791,-1597.683,8.581,0.596,-1.749,-84.396
5.000,4.000,5.010,-6.000,nan,2.366,8.460,0.404,0.000,0.000,0.000,2.332,0.568,4.104,3.575,33.882,174.999,-26.847,-137.417,0.115,-98.392,-2025.897,7.989,279.697,1086.390,-148.791,-1597.683,8.434,0.596,-1.749,-84.481
5.000,4.000,5.010,-5.000,nan,2.288,8.691,0.386,0.000,0.000,0.000,2.255,0.545,4.141,3.799,33.761,175.354,-26.847,-137.417,0.116,-101.237,-2017.546,6.412,279.697,1086.390,-148.791,-1597.683,8.333,0.596,-1.749,-84.547
5.000,4.000,5.010,-4.000,nan,2.211,8.915,0.371,0.000,0.000,0.000,2.180,0.524,4.161,4.032,33.658,175.654,-26.847,-137.417,0.117,-104.030,-2009.345,4.938,279.697,1086.390,-148.791,-1597.683,8.245,0.596,-1.749,-84.607
5.000,4.000,5.010,-3.000,nan,2.137,9.134,0.358,0.000,0.000,0.000,2.107,0.506,4.164,4.274,33.562,175.937,-26.847,-137.417,0.118,-106.748,-2001.366,3.565,279.697,1086.390,-148.791,-1597.683,8.167,0.596,-1.749,-84.662
5.000,4.000,5.010,-2.000,nan,2.064,9.347,0.348,0.000,0.000,0.000,2.035,0.491,4.147,4.527,33.474,176.196,-26.847,-137.417,0.118,-109.354,-1993.716,2.288,279.697,1086.390,-148.791,-1597.683,8.103,0.596,-1.749,-84.702
5.000,4.000,5.010,-1.000,nan,1.994,9.555,0.340,0.000,0.000,0.000,1.965,0.478,4.110,4.793,33.399,176.417,-26.847,-137.417,0.119,-111.815,-1986.494,1.103,279.697,1086.390,-148.791,-1597.683,8.045,0.596,-1.749,-84.744
5.000,4.000,5.010,0.000,nan,1.924,9.759,0.335,0.000,0.000,0.000,1.896,0.468,4.052,5.072,33.337,176.600,-26.847,-137.417,0.120,-114.113,-1979.747,0.000,279.697,1086.390,-148.791,-1597.683,7.994,0.596,-1.749,-84.778
5.000,4.000,5.010,1.000,nan,1.856,9.960,0.331,0.000,0.000,0.000,1.828,0.460,3.973,5.368,33.285,176.750,-26.847,-137.417,0.120,-116.246,-1973.486,-1.029,279.697,1086.390,-148.791,-1597.683,7.956,0.596,-1.749,-84.803
5.000,4.000,5.010,2.000,nan,1.788,10.158,0.331,0.000,0.000,0.000,1.761,0.455,3.874,5.681,33.245,176.870,-26.847,-137.417,0.120,-118.250,-1967.603,-1.992,279.697,1086.390,-148.791,-1597.683,7.931,0.596,-1.749,-84.820
5.000,4.000,5.010,3.000,nan,1.721,10.354,0.332,0.000,0.000,0.000,1.694,0.451,3.754,6.016,33.217,176.952,-26.847,-137.417,0.120,-120.165,-1961.982,-2.893,279.697,1086.390,-148.791,-1597.683,7.923,0.596,-1.749,-84.825
5.000,4.000,5.010,4.000,nan,1.655,10.549,0.336,0.000,0.000,0.000,1.627,0.450,3.615,6.375,33.203,176.992,-26.847,-137.417,0.120,-121.964,-1956.699,-3.740,279.697,1086.390,-148.791,-1597.683,7.919,0.596,-1.749,-84.827
5.000,4.000,5.010,5.000,nan,1.588,10.744,0.341,0.000,0.000,0.000,1.561,0.451,3.458,6.764,33.203,176.991,-26.847,-137.417,0.120,-123.586,-1951.940,-4.543,279.697,1086.390,-148.791,-1597.683,7.915,0.596,-1.749,-84.830
5.000,4.000,5.010,6.000,nan,1.522,10.939,0.349,0.000,0.000,0.000,1.494,0.455,3.285,7.189,33.218,176.949,-26.847,-137.417,0.120,-124.984,-1947.834,-5.318,279.697,1086.390,-148.791,-1597.683,7.923,0.596,-1.749,-84.822
5.000,4.000,5.010,7.000,nan,1.455,11.136,0.360,0.000,0.000,0.000,1.426,0.460,3.098,7.656,33.245,176.868,-26.847,-137.417,0.120,-126.140,-1944.441,-6.077,279.697,1086.390,-148.791,-1597.683,7.946,0.596,-1.749,-84.804
5.000,4.000,5.010,8.000,nan,1.387,11.335,0.373,0.000,0.000,0.000,1.358,0.468,2.899,8.173,33.283,176.756,-26.847,-137.417,0.120,-127.049,-1941.773,-6.833,279.697,1086.390,-148.791,-1597.683,7.981,0.596,-1.749,-84.778
5.000,4.000,5.010,9.000,nan,1.318,11.537,0.388,0.000,0.000,0.000,1.288,0.479,2.690,8.752,33.331,176.614,-26.847,-137.417,0.119,-127.732,-1939.770,-7.598,279.697,1086.390,-148.791,-1597.683,8.029,0.596,-1.749,-84.744
5.000,4.000,5.010,10.000,nan,1.248,11.742,0.405,0.000,0.000,0.000,1.217,0.492,2.476,9.406,33.392,176.437,-26.847,-137.417,0.119,-128.209,-1938.369,-8.378,279.697,1086.390,-148.791,-1597.683,8.078,0.596,-1.749,-84.710
5.000,4.000,5.010,11.000,nan,1.177,11.951,0.426,0.000,0.000,0.000,1.145,0.507,2.257,10.153,33.465,176.222,-26.847,-137.417,0.118,-128.481,-1937.569,-9.185,279.697,1086.390,-148.791,-1597.683,8.138,0.596,-1.749,-84.665
5.000,4.000,5.010,12.000,nan,1.104,12.165,0.449,0.000,0.000,0.000,1.070,0.525,2.038,11.016,33.547,175.982,-26.847,-137.417,0.117,-128.546,-1937.378,-10.031,279.697,1086.390,-148.791,-1597.683,8.212,0.596,-1.749,-84.614
5.000,4.000,5.010,13.000,nan,1.030,12.384,0.475,0.000,0.000,0.000,0.994,0.546,1.820,12.025,33.634,175.727,-26.847,-137.417,0.117,-128.411,-1937.776,-10.925,279.697,1086.390,-148.791,-1597.683,8.294,0.596,-1.749,-84.558
5.000,4.000,5.010,14.000,nan,0.953,12.608,0.505,0.000,0.000,0.000,0.916,0.570,1.606,13.223,33.734,175.434,-26.847,-137.417,0.115,-128.078,-1938.751,-11.878,279.697,1086.390,-148.791,-1597.683,8.395,0.596,-1.749,-84.487
5.000,4.000,5.010,15.000,nan,0.875,12.839,0.538,0.000,0.000,0.000,0.835,0.597,1.398,14.678,33.862,175.058,-26.847,-137.417,0.114,-127.534,-1940.350,-12.904,279.697,1086.390,-148.791,-1597.683,8.576,0.596,-1.749,-84.365
5.000,4.000,5.010,16.000,nan,0.793,13.079,0.574,0.000,0.000,0.000,0.751,0.628,1.195,16.494,34.014,174.612,-26.847,-137.417,0.111,-126.761,-1942.620,-14.021,279.697,1086.390,-148.791,-1597.683,8.796,0.596,-1.749,-84.219
5.000,4.000,5.010,17.000,nan,0.708,13.328,0.615,0.000,0.000,0.000,0.664,0.663,1.001,18.819,34.167,174.162,-26.847,-137.417,0.109,-125.769,-1945.532,-15.239,279.697,1086.390,-148.791,-1597.683,8.969,0.596,-1.749,-84.108
5.000,4.000,5.010,18.000,nan,0.621,13.585,0.660,0.000,0.000,0.000,0.573,0.701,0.817,21.889,34.314,173.729,-26.847,-137.417,0.108,-124.581,-1949.017,-16.565,279.697,1086.390,-148.791,-1597.683,9.116,0.596,-1.749,-84.009
5.000,4.000,5.010,19.000,nan,0.531,13.848,0.709,0.000,0.000,0.000,0.480,0.744,0.645,26.086,34.434,173.377,-26.847,-137.417,0.107,-123.245,-1952.939,-17.994,279.697,1086.390,-148.791,-1597.683,9.218,0.596,-1.749,-83.942
5.000,4.000,5.010,20.000,nan,0.440,14.115,0.762,0.000,0.000,0.000,0.386,0.790,0.488,32.086,34.516,173.138,-26.847,-137.417,0.106,-121.824,-1957.112,-19.515,279.697,1086.390,-148.791,-1597.683,9.283,0.596,-1.749,-83.905
